video_id,aesthetic_quality,appearance_style,background_consistency,human_action,imaging_quality,overall_consistency,temporal_flickering,temporal_style,vbench_temporal_score
g1_video_000,0.650128,0.216146,0.954398,0.0,66.131544,0.286637,0.966869,0.286637,8.686544875000001
g1_video_001,0.611342,0.207142,0.954398,0.0,74.648394,0.212904,0.98343,0.212904,9.728814249999997
g1_video_002,0.744535,0.323727,0.954398,0.0,72.947446,0.281047,0.988043,0.281047,9.565030375000001
g1_video_003,0.597042,0.206538,0.954398,0.0,69.312308,0.225685,0.978461,0.225685,9.062514624999999
g1_video_004,0.691602,0.368437,0.954398,0.0,70.726973,0.283989,0.988657,0.283989,9.287255625000002
g1_video_005,0.616279,0.221446,0.954398,0.0,71.939804,0.224244,0.964342,0.224244,9.393094625
g1_video_006,0.557597,0.25956,0.954398,0.266667,68.668957,0.293202,0.974341,0.293202,9.0334905
g1_video_007,0.628293,0.215368,0.954398,0.0,71.611406,0.287272,0.986161,0.287272,9.37127125
g1_video_008,0.648903,0.203769,0.954398,0.0,74.765167,0.340339,0.990735,0.340339,9.78045625
g1_video_009,0.559639,0.208645,0.954398,0.0,73.991933,0.099228,0.976168,0.099228,9.611154875
g1_video_010,0.62443,0.214334,0.954398,0.0,69.799537,0.246517,0.983372,0.246517,9.133638125
g1_video_011,0.481649,0.260589,0.954398,0.0,52.6406,0.209485,0.988964,0.209485,6.96814625
g1_video_012,0.563821,0.213815,0.954398,0.0,78.525999,0.132889,0.961938,0.132889,10.185718625000002
g1_video_013,0.536813,0.196543,0.954398,0.0,73.045694,0.180786,0.976945,0.180786,9.508995624999999
g1_video_014,0.579639,0.2075,0.954398,0.0,66.012898,0.286139,0.986045,0.286139,8.664094750000002
g1_video_015,0.537157,0.179748,0.954398,0.0,73.138799,0.234163,0.973142,0.234163,9.531446249999998
g1_video_016,0.642913,0.211231,0.954398,0.0,74.67323,0.265525,0.955624,0.265525,9.74605575
g1_video_017,0.593524,0.21474,0.954398,0.0,70.005961,0.230401,0.962185,0.230401,9.148951250000001
g1_video_018,0.470753,0.211988,0.954398,0.0,51.246069,0.256009,0.974224,0.256009,6.796181249999999
g1_video_019,0.669101,0.206791,0.954398,0.0,78.889494,0.224597,0.984317,0.224597,10.269161875000002
g1_video_020,0.500418,0.227148,0.954398,0.0,73.853229,0.261994,0.97929,0.261994,9.629808875
g1_video_021,0.513099,0.204977,0.954398,0.0,63.639058,0.258626,0.943534,0.258626,8.346539750000002
g1_video_022,0.474863,0.225259,0.954398,0.0,70.739443,0.211452,0.969891,0.211452,9.223344749999999
g1_video_023,0.563787,0.223624,0.954398,0.0,69.518766,0.153454,0.949503,0.153454,9.064623249999999
g1_video_024,0.574948,0.22572,0.954398,0.0,72.03929,0.180659,0.971735,0.180659,9.390926125
g1_video_025,0.531552,0.214788,0.954398,0.0,76.453208,0.24036,0.98974,0.24036,9.95305075
g1_video_026,0.626896,0.226613,0.954398,0.0,75.510458,0.279248,0.964881,0.279248,9.85521775
g1_video_027,0.567666,0.240323,0.954398,0.0,79.526881,0.27575,0.991432,0.27575,10.354025000000002
g1_video_028,0.699367,0.203814,0.954398,0.0,66.676052,0.223828,0.986244,0.223828,8.745941375
g1_video_029,0.639341,0.202553,0.954398,0.0,73.385984,0.180775,0.985328,0.180775,9.566144249999997
g1_video_030,0.600021,0.21397,0.954398,0.0,67.239846,0.249741,0.995276,0.249741,8.812874125
g1_video_031,0.625989,0.209215,0.954398,0.0,74.044574,0.25771,0.987701,0.25771,9.667162125
g1_video_032,0.572092,0.227234,0.954398,0.0,72.568333,0.299064,0.982834,0.299064,9.487877375
g1_video_033,0.544492,0.222797,0.954398,0.0,56.746259,0.169419,0.950628,0.169419,7.4696765
g1_video_034,0.498607,0.213691,0.954398,0.0,62.33973,0.233704,0.936463,0.233704,8.176287125000002
g1_video_035,0.573293,0.211855,0.954398,0.0,70.658536,0.176722,0.947246,0.176722,9.2123465
g1_video_036,0.497308,0.216721,0.954398,0.0,75.818589,0.349655,0.983187,0.349655,9.896189125
g1_video_037,0.718159,0.199494,0.954398,1.0,73.150883,0.281375,0.994366,0.281375,9.697506249999998
g1_video_038,0.581422,0.225002,0.954398,0.0,79.663944,0.223464,0.989516,0.223464,10.357651250000002
g1_video_039,0.691518,0.195022,0.954398,0.0,75.121391,0.213574,0.985019,0.213574,9.796811999999997
g1_video_040,0.680731,0.32772,0.954398,0.0,75.798331,0.31634,0.956388,0.31634,9.918781000000001
g1_video_041,0.523409,0.227439,0.954398,0.0,71.920405,0.235806,0.977358,0.235806,9.384327625
g1_video_042,0.518372,0.21106,0.954398,0.0,73.629311,0.052435,0.96366,0.052435,9.547708875000001
g1_video_043,0.503471,0.228214,0.954398,0.0,66.028008,0.268777,0.939313,0.268777,8.64886975
g1_video_044,0.56834,0.20777,0.954398,0.0,72.364744,0.295513,0.984062,0.295513,9.4587925
g1_video_045,0.507623,0.194907,0.954398,0.0,75.497806,0.105045,0.983128,0.105045,9.793493999999999
g1_video_046,0.599805,0.197514,0.954398,0.0,60.543876,0.202653,0.991732,0.202653,7.961578874999999
g1_video_047,0.570074,0.203257,0.954398,0.0,54.659356,0.285583,0.959276,0.285583,7.239690875000001
g1_video_048,0.580929,0.213565,0.954398,0.0,74.283508,0.210019,0.987002,0.210019,9.67993
g1_video_049,0.542049,0.203911,0.954398,0.0,75.264789,0.204798,0.988221,0.204798,9.795370499999997
g1_video_050,0.623637,0.211585,0.954398,0.0,70.660453,0.314495,0.988195,0.314495,9.25840725
g1_video_051,0.617629,0.216458,0.954398,0.0,73.868173,0.286645,0.97996,0.286645,9.651238499999998
g1_video_052,0.610663,0.228083,0.954398,0.0,67.33413,0.283526,0.982464,0.283526,8.834598749999998
g1_video_053,0.654806,0.217601,0.954398,0.0,73.538769,0.324789,0.990239,0.324789,9.625673874999999
g1_video_054,0.674196,0.206904,0.954398,0.0,70.957517,0.240798,0.986637,0.240798,9.282656
g1_video_055,0.51557,0.223583,0.954398,0.0,72.720095,0.226885,0.990258,0.226885,9.482209249999999
g1_video_056,0.63619,0.190599,0.954398,0.0,73.203929,0.38267,0.985856,0.38267,9.592039000000002
g1_video_057,0.623011,0.226674,0.954398,0.0,70.712316,0.228571,0.979766,0.228571,9.244163375000001
g1_video_058,0.554224,0.218346,0.954398,0.0,69.075682,0.220348,0.974883,0.220348,9.027278625000001
g1_video_059,0.586004,0.197854,0.954398,0.0,69.620721,0.280702,0.994628,0.280702,9.114376125000003
g1_video_060,0.646927,0.202631,0.954398,0.0,66.113863,0.223194,0.982718,0.223194,8.668365625000002
g1_video_061,0.599871,0.198151,0.954398,0.0,71.102612,0.206992,0.933221,0.206992,9.275279625
g1_video_062,0.54052,0.207941,0.954398,0.0,63.326449,0.196163,0.987246,0.196163,8.30111
g1_video_063,0.543967,0.21949,0.954398,0.0,78.078521,0.193249,0.980054,0.193249,10.145365999999997
g1_video_064,0.601271,0.210573,0.954398,0.0,62.117534,0.251652,0.988644,0.251652,8.171965499999999
g1_video_065,0.715656,0.222373,0.954398,0.0,67.220584,0.222172,0.985408,0.222172,8.817845375000001
g1_video_066,0.409199,0.203179,0.954398,0.0,69.662545,0.160909,0.971332,0.160909,9.065308875000001
g1_video_067,0.497407,0.210489,0.954398,0.0,70.787804,0.21981,0.941863,0.21981,9.228947624999998
g1_video_068,0.694257,0.213186,0.954398,0.0,74.731893,0.297424,0.980193,0.297424,9.771096875000001
g1_video_069,0.557575,0.263514,0.954398,0.0,72.953608,0.289689,0.981086,0.289689,9.536194875
g1_video_070,0.497679,0.206551,0.954398,0.0,70.711341,0.21564,0.956725,0.21564,9.219746749999999
g1_video_071,0.54281,0.212998,0.954398,0.0,63.539066,0.141186,0.931529,0.141186,8.307896625000001
g1_video_072,0.555138,0.214598,0.954398,0.0,71.985601,0.244647,0.947843,0.244647,9.393359000000002
g1_video_073,0.524076,0.216438,0.954398,0.0,73.773631,0.261777,0.972525,0.261777,9.620577749999999
g1_video_074,0.610312,0.196114,0.954398,0.0,59.541132,0.175859,0.96892,0.175859,7.82782425
g1_video_075,0.538342,0.221226,0.954398,0.0,69.222999,0.304961,0.93093,0.304961,9.059727125000002
g1_video_076,0.508279,0.197809,0.954398,0.0,69.200898,0.232146,0.977454,0.232146,9.03789125
g1_video_077,0.463869,0.213852,0.954398,0.0,74.916158,0.224365,0.993611,0.224365,9.748827250000001
g1_video_078,0.549963,0.209095,0.954398,0.0,48.303686,0.176439,0.92097,0.176439,6.41137375
g1_video_079,0.526995,0.205091,0.954398,0.0,78.287285,0.255587,0.950947,0.255587,10.179486250000002
g1_video_080,0.493383,0.208953,0.954398,0.0,58.445256,0.236867,0.938015,0.236867,7.689217374999999
g1_video_081,0.426675,0.215494,0.954398,0.0,63.746165,0.245406,0.954387,0.245406,8.348491375
g1_video_082,0.365122,0.212051,0.954398,0.0,39.987671,0.257432,0.981289,0.257432,5.376924375
g1_video_083,0.46622,0.203668,0.954398,0.0,72.755759,0.204703,0.960442,0.204703,9.468736624999998
g1_video_084,0.628096,0.212937,0.954398,0.0,64.491317,0.222324,0.983843,0.222324,8.464404874999998
g1_video_085,0.487535,0.224137,0.954398,0.0,64.134564,0.234145,0.906493,0.234145,8.396927125
g1_video_086,0.566987,0.248211,0.954398,1.0,78.363689,0.230384,0.984362,0.230384,10.322301875
g1_video_087,0.451876,0.202479,0.954398,0.0,66.294312,0.184874,0.951851,0.184874,8.653082999999999
g1_video_088,0.573902,0.216424,0.954398,0.0,65.643355,0.071242,0.985899,0.071242,8.56455775
g1_video_089,0.671607,0.212704,0.954398,0.0,77.491751,0.230287,0.980383,0.230287,10.096427125
g1_video_090,0.56791,0.207725,0.954398,0.0,59.126531,0.215219,0.928157,0.215219,7.776894874999999
g1_video_091,0.473358,0.23493,0.954398,0.0,68.598997,0.18966,0.989197,0.18966,8.953775
g1_video_092,0.567631,0.21173,0.954398,0.0,74.045283,0.183223,0.994853,0.183223,9.642542625
g1_video_093,0.496999,0.19319,0.954398,0.0,63.529923,0.273372,0.975715,0.273372,8.337121124999998
g1_video_094,0.483864,0.178073,0.954398,1.0,75.822976,0.259596,0.993465,0.259596,9.993996000000001
g1_video_095,0.52519,0.236067,0.954398,0.0,73.232257,0.278566,0.987786,0.278566,9.56160375
g1_video_096,0.639433,0.195286,0.954398,0.0,74.884596,0.198322,0.979731,0.198322,9.756261000000002
g1_video_097,0.525308,0.223731,0.954398,0.0,74.379811,0.262232,0.984355,0.262232,9.699008374999998
g1_video_098,0.461998,0.219365,0.954398,0.0,77.577281,0.248712,0.983251,0.248712,10.086714624999999
g1_video_099,0.54943,0.205003,0.954398,0.0,71.084484,0.222328,0.984509,0.222328,9.277810000000002
g1_video_100,0.642453,0.235901,0.954398,0.0,68.817994,0.232961,0.978675,0.232961,9.011917875
g1_video_101,0.626217,0.205857,0.954398,0.0,57.989619,0.289334,0.983672,0.289334,7.667303874999998
g1_video_102,0.515484,0.212308,0.954398,0.0,58.043494,0.234471,0.92544,0.234471,7.64000825
g1_video_103,0.592381,0.226743,0.954398,0.0,74.367589,0.293926,0.978755,0.293926,9.71346475
g1_video_104,0.593756,0.226109,0.954398,0.0,74.050851,0.300163,0.94211,0.300163,9.67094375
g1_video_105,0.448645,0.215538,0.954398,0.0,34.742233,0.106759,0.710216,0.106759,4.660568499999999
g1_video_106,0.541437,0.22306,0.954398,0.0,50.105219,0.232692,0.947492,0.232692,6.654623749999999
g1_video_107,0.701376,0.192087,0.954398,0.0,69.457722,0.290539,0.981175,0.290539,9.108479499999998
g1_video_108,0.46905,0.196007,0.954398,0.0,66.74989,0.195626,0.969778,0.195626,8.716296875000001
g1_video_109,0.761934,0.244683,0.954398,0.0,79.195833,0.234296,0.989122,0.234296,10.326820249999999
g1_video_110,0.519963,0.223252,0.954398,0.0,67.240085,0.225634,0.986713,0.225634,8.796959874999999
g1_video_111,0.508449,0.197812,0.954398,0.0,55.114069,0.198233,0.959067,0.198233,7.2662826250000006
g1_video_112,0.485789,0.216689,0.954398,0.0,57.786187,0.218627,0.919096,0.218627,7.599926624999999
g1_video_113,0.464441,0.205396,0.954398,0.0,50.79284,0.235805,0.974196,0.235805,6.732860124999999
g1_video_114,0.548424,0.191064,0.954398,0.0,74.337639,0.204984,0.980903,0.204984,9.677799499999999
g1_video_115,0.585883,0.178228,0.954398,1.0,63.733938,0.191082,0.98201,0.191082,8.477077625
g1_video_116,0.587091,0.212758,0.954398,0.0,72.865196,0.223365,0.971427,0.223365,9.504700000000001
g1_video_117,0.523051,0.226133,0.954398,0.0,71.193448,0.232884,0.963583,0.232884,9.290797625
g1_video_118,0.510503,0.214477,0.954398,0.0,76.098242,0.302075,0.990678,0.302075,9.921556
g1_video_119,0.623693,0.215755,0.954398,0.0,65.381372,0.28719,0.981951,0.28719,8.591443624999998
g1_video_120,0.564736,0.223211,0.954398,0.0,63.109266,0.218414,0.935229,0.218414,8.277958499999999
g1_video_121,0.500123,0.217525,0.954398,0.0,56.228881,0.25446,0.948715,0.25446,7.419820250000001
g1_video_122,0.487902,0.195321,0.954398,0.0,73.426469,0.213787,0.949815,0.213787,9.555184874999998
g1_video_123,0.532788,0.219544,0.954398,0.0,69.56819,0.189891,0.971699,0.189891,9.078300125
g1_video_124,0.651936,0.236885,0.954398,0.0,69.450367,0.247317,0.974484,0.247317,9.095338
g1_video_125,0.610716,0.23821,0.954398,0.0,74.18343,0.243944,0.98715,0.243944,9.682724
g1_video_126,0.495117,0.192476,0.954398,0.0,65.840685,0.093645,0.944221,0.093645,8.576773374999998
g1_video_127,0.522823,0.218278,0.954398,0.0,71.985596,0.291921,0.990267,0.291921,9.4069005
g2_video_000,0.646672,0.215451,0.963272,0.0,68.737408,0.093979,0.971151,0.093979,8.965239000000002
g2_video_001,0.597833,0.208843,0.963272,0.0,76.663602,0.068297,0.98734,0.068297,9.9446855
g2_video_002,0.761854,0.200743,0.963272,0.0,73.456919,0.059963,0.993141,0.059963,9.561981874999999
g2_video_003,0.585853,0.210121,0.963272,0.0,69.344726,0.09583,0.979041,0.09583,9.034334125
g2_video_004,0.685951,0.213054,0.963272,0.0,71.110645,0.028039,0.991685,0.028039,9.252585625000004
g2_video_005,0.657029,0.2208,0.963272,0.0,77.628019,0.062919,0.979845,0.062919,10.071850374999997
g2_video_006,0.556759,0.259923,0.963272,0.0,69.938594,0.071517,0.983422,0.071517,9.1056255
g2_video_007,0.627178,0.218552,0.963272,0.0,71.205841,0.060638,0.986426,0.060638,9.265318125
g2_video_008,0.658969,0.207584,0.963272,0.0,76.226579,0.068559,0.993125,0.068559,9.898330875
g2_video_009,0.651936,0.196109,0.963272,0.0,79.355102,0.040214,0.981251,0.040214,10.278512250000002
g2_video_010,0.605754,0.21154,0.963272,0.0,69.739766,0.041634,0.98696,0.041634,9.07382
g2_video_011,0.455281,0.254748,0.963272,0.0,57.581764,0.080118,0.989208,0.080118,7.550563625
g2_video_012,0.56559,0.211209,0.963272,0.0,78.795099,0.092234,0.964529,0.092234,10.210520875
g2_video_013,0.580809,0.193768,0.963272,0.0,75.963524,0.072651,0.990168,0.072651,9.854605374999998
g2_video_014,0.608364,0.210893,0.963272,0.0,69.531973,0.036519,0.984533,0.036519,9.046509124999998
g2_video_015,0.559356,0.174948,0.963272,0.0,72.267879,0.050233,0.976793,0.050233,9.38033925
g2_video_016,0.686677,0.206123,0.963272,0.0,75.822515,0.028226,0.978882,0.028226,9.839240125
g2_video_017,0.562292,0.212284,0.963272,0.0,69.419435,0.080774,0.973377,0.080774,9.036526
g2_video_018,0.476088,0.210456,0.963272,0.0,53.471439,0.131883,0.977279,0.131883,7.045287500000001
g2_video_019,0.676923,0.209447,0.963272,0.0,79.002187,0.0812,0.987308,0.0812,10.250192125
g2_video_020,0.504253,0.229925,0.963272,0.0,74.514391,0.015127,0.982153,0.015127,9.653031000000002
g2_video_021,0.57799,0.202313,0.963272,0.0,71.849478,0.072196,0.940913,0.072196,9.33479475
g2_video_022,0.489817,0.22168,0.963272,0.0,72.251284,0.043721,0.977365,0.043721,9.373857500000002
g2_video_023,0.56064,0.222384,0.963272,0.0,72.396959,0.040608,0.947885,0.040608,9.396544500000001
g2_video_024,0.564777,0.232989,0.963272,0.0,75.219491,0.008631,0.978533,0.008631,9.747040499999999
g2_video_025,0.528801,0.2147,0.963272,0.0,73.316436,0.061049,0.994148,0.061049,9.517431874999998
g2_video_026,0.609071,0.219278,0.963272,0.0,78.225835,0.06562,0.978837,0.06562,10.140941625
g2_video_027,0.557641,0.244103,0.963272,0.0,78.343845,0.075447,0.99433,0.075447,10.156760625
g2_video_028,0.699802,0.195257,0.963272,0.0,67.322222,-0.008748,0.989363,-0.008748,8.7690525
g2_video_029,0.631717,0.201843,0.963272,0.0,74.156942,0.060151,0.982568,0.060151,9.6320805
g2_video_030,0.61721,0.213169,0.963272,0.0,62.650836,0.040357,0.993097,0.040357,8.18978725
g2_video_031,0.616798,0.214903,0.963272,0.0,75.423051,0.025508,0.984521,0.025508,9.781695125
g2_video_032,0.591313,0.229031,0.963272,0.0,70.562296,0.014324,0.983454,0.014324,9.16975175
g2_video_033,0.559446,0.224587,0.963272,0.0,63.387002,0.079841,0.950329,0.079841,8.28053975
g2_video_034,0.508771,0.207524,0.963272,0.0,65.119784,0.066692,0.957392,0.066692,8.486265875
g2_video_035,0.590958,0.209977,0.963272,0.0,66.183734,0.033524,0.953524,0.033524,8.621064125
g2_video_036,0.495749,0.217747,0.963272,0.0,77.005161,0.027849,0.986439,0.027849,9.965508250000001
g2_video_037,0.717922,0.199743,0.963272,0.0,71.1409,0.00727,0.992744,0.00727,9.253640125000002
g2_video_038,0.548901,0.226565,0.963272,0.0,79.100736,0.085836,0.990689,0.085836,10.250229375
g2_video_039,0.698412,0.201,0.963272,0.0,74.521751,0.036017,0.985748,0.036017,9.680277125
g2_video_040,0.677314,0.21237,0.963272,0.0,76.779701,0.014593,0.970641,0.014593,9.954060500000002
g2_video_041,0.561505,0.241835,0.963272,0.0,73.372659,0.035192,0.986345,0.035192,9.524499999999998
g2_video_042,0.550404,0.204485,0.963272,0.0,72.315341,0.044583,0.984023,0.044583,9.388336375
g2_video_043,0.519305,0.231464,0.963272,0.0,65.041488,0.032875,0.952514,0.032875,8.471724125
g2_video_044,0.576751,0.199583,0.963272,0.0,63.552742,0.082975,0.985552,0.082975,8.305481250000001
g2_video_045,0.516395,0.193291,0.963272,0.0,71.037936,0.096563,0.952104,0.096563,9.232015500000001
g2_video_046,0.61303,0.188241,0.963272,0.0,62.099721,0.047258,0.988647,0.047258,8.118428375
g2_video_047,0.580713,0.205877,0.963272,0.0,57.918493,0.023542,0.975363,0.023542,7.58635025
g2_video_048,0.58794,0.210699,0.963272,0.0,76.455882,0.03532,0.992272,0.03532,9.910088125
g2_video_049,0.557462,0.206009,0.963272,0.0,75.635639,-0.009185,0.990219,-0.009185,9.791778874999999
g2_video_050,0.626823,0.210682,0.963272,0.0,71.583658,0.018812,0.986414,0.018812,9.301059124999998
g2_video_051,0.599964,0.218759,0.963272,0.0,75.229627,-0.011082,0.979823,-0.011082,9.746160124999998
g2_video_052,0.612584,0.229369,0.963272,0.0,70.982302,0.036164,0.984528,0.036164,9.230547875000001
g2_video_053,0.653102,0.21896,0.963272,0.0,74.065364,-0.00115,0.99316,-0.00115,9.611444750000002
g2_video_054,0.670968,0.206165,0.963272,0.0,70.707882,0.002604,0.98794,0.002604,9.192679375
g2_video_055,0.52665,0.215391,0.963272,0.0,73.812169,-0.008302,0.993303,-0.008302,9.561772625
g2_video_056,0.641212,0.187735,0.963272,0.0,73.275566,0.041881,0.981675,0.041881,9.51665275
g2_video_057,0.645386,0.230954,0.963272,0.0,69.952626,0.041037,0.98859,0.041037,9.10786275
g2_video_058,0.603265,0.217187,0.963272,0.0,74.20985,0.04086,0.980368,0.04086,9.63195775
g2_video_059,0.558285,0.198365,0.963272,0.0,72.904204,0.038616,0.994908,0.038616,9.46203325
g2_video_060,0.634782,0.200617,0.963272,0.0,69.751889,0.05067,0.986224,0.05067,9.0797655
g2_video_061,0.637341,0.196302,0.963272,0.0,71.855053,0.030385,0.965084,0.030385,9.334727749999999
g2_video_062,0.539498,0.210992,0.963272,0.0,64.526615,0.01541,0.988141,0.01541,8.407417250000002
g2_video_063,0.543108,0.214579,0.963272,0.0,76.000763,0.067877,0.995392,0.067877,9.856608499999998
g2_video_064,0.634855,0.21125,0.963272,0.0,65.942211,0.008462,0.989106,0.008462,8.59470225
g2_video_065,0.709233,0.22739,0.963272,0.0,69.690738,0.03152,0.990225,0.03152,9.08048725
g2_video_066,0.44195,0.210292,0.963272,0.0,74.091222,0.04217,0.988464,0.04217,9.5974425
g2_video_067,0.530855,0.211081,0.963272,0.0,70.57162,0.050147,0.930389,0.050147,9.163438874999999
g2_video_068,0.723642,0.20576,0.963272,0.0,76.737728,0.038851,0.988772,0.038851,9.962109499999999
g2_video_069,0.583701,0.261837,0.963272,0.0,73.4933,0.056162,0.98803,0.056162,9.550308
g2_video_070,0.487868,0.206081,0.963272,0.0,68.317023,0.035568,0.959634,0.035568,8.87562675
g2_video_071,0.521889,0.210215,0.963272,0.0,65.634962,0.048485,0.927948,0.048485,8.544407
g2_video_072,0.527176,0.217687,0.963272,0.0,75.252784,0.027711,0.962645,0.027711,9.747373249999999
g2_video_073,0.555136,0.213003,0.963272,0.0,76.456472,0.041686,0.983103,0.041686,9.90679475
g2_video_074,0.58322,0.197815,0.963272,0.0,57.812698,0.034288,0.96206,0.034288,7.573455124999999
g2_video_075,0.538404,0.220073,0.963272,0.0,73.180111,0.051787,0.959209,0.051787,9.495580375000001
g2_video_076,0.48308,0.202838,0.963272,0.0,72.944013,0.029073,0.968415,0.029073,9.452470499999999
g2_video_077,0.461317,0.214512,0.963272,0.0,75.094007,0.075441,0.994405,0.075441,9.734799375
g2_video_078,0.567316,0.211309,0.963272,0.0,51.808701,0.096656,0.847951,0.096656,6.823982625000001
g2_video_079,0.524323,0.200533,0.963272,0.0,78.163061,0.026799,0.969156,0.026799,10.109242875
g2_video_080,0.47599,0.212437,0.963272,0.0,60.607948,0.098035,0.922239,0.098035,7.922244500000001
g2_video_081,0.451735,0.211082,0.963272,0.0,69.266699,0.099715,0.970433,0.099715,9.007831375
g2_video_082,0.359084,0.213206,0.963272,0.0,47.229058,0.121187,0.991053,0.121187,6.249755875
g2_video_083,0.542465,0.198112,0.963272,0.0,73.472815,0.049375,0.980254,0.049375,9.5319585
g2_video_084,0.616157,0.202548,0.963272,0.0,65.742174,0.013058,0.988756,0.013058,8.567377875
g2_video_085,0.422237,0.219492,0.963272,0.0,74.293458,0.067625,0.966728,0.067625,9.625054625000002
g2_video_086,0.534942,0.237221,0.963272,0.0,77.656193,0.036932,0.987191,0.036932,10.056585374999997
g2_video_087,0.512418,0.190441,0.963272,0.0,73.785588,0.067356,0.965203,0.067356,9.56895425
g2_video_088,0.551844,0.218157,0.963272,0.0,71.80952,0.053045,0.98555,0.053045,9.329304125
g2_video_089,0.648534,0.211665,0.963272,0.0,78.689675,0.025651,0.986742,0.025651,10.193898749999999
g2_video_090,0.60499,0.202102,0.963272,0.0,71.650377,0.034203,0.991566,0.034203,9.310089125000003
g2_video_091,0.471348,0.222304,0.963272,0.0,69.290013,0.033897,0.99039,0.033897,9.000640125
g2_video_092,0.561043,0.217317,0.963272,0.0,73.24107,0.019514,0.996488,0.019514,9.502277249999999
g2_video_093,0.545337,0.197298,0.963272,0.0,74.391327,0.031541,0.991629,0.031541,9.643993125000001
g2_video_094,0.513307,0.183107,0.963272,0.0,75.145559,0.02772,0.993705,0.02772,9.731798750000001
g2_video_095,0.529392,0.234108,0.963272,0.0,75.03706,-0.002223,0.993134,-0.002223,9.719064999999999
g2_video_096,0.603161,0.195147,0.963272,0.0,73.870313,0.031424,0.985585,0.031424,9.58504075
g2_video_097,0.575409,0.222306,0.963272,0.0,73.835623,0.017126,0.991176,0.017126,9.57775475
g2_video_098,0.455596,0.215535,0.963272,0.0,77.36061,0.048702,0.98425,0.048702,10.009583375000002
g2_video_099,0.615094,0.203156,0.963272,0.0,72.629538,0.031163,0.988661,0.031163,9.432755875
g2_video_100,0.60313,0.235921,0.963272,0.0,73.583669,0.070975,0.978429,0.070975,9.563296375000002
g2_video_101,0.673869,0.205803,0.963272,0.0,72.180837,0.056032,0.990857,0.056032,9.390837750000001
g2_video_102,0.551745,0.213462,0.963272,0.0,61.424789,0.085037,0.942305,0.085037,8.033205875
g2_video_103,0.556278,0.230685,0.963272,0.0,76.442636,0.02035,0.991856,0.02035,9.903178374999998
g2_video_104,0.60777,0.225414,0.963272,0.0,74.856891,0.047127,0.967714,0.047127,9.714414375000002
g2_video_105,0.609358,0.208317,0.963272,0.0,53.895454,0.092165,0.983815,0.092165,7.10556825
g2_video_106,0.528877,0.22507,0.963272,0.0,51.830492,0.080692,0.958766,0.080692,6.833482624999999
g2_video_107,0.666716,0.190988,0.963272,0.0,68.361969,0.0879,0.983929,0.0879,8.917834250000002
g2_video_108,0.461445,0.194099,0.963272,0.0,70.221984,0.088614,0.969989,0.088614,9.123502125000002
g2_video_109,0.768331,0.246004,0.963272,0.0,79.710864,0.038064,0.992698,0.038064,10.344662125000003
g2_video_110,0.513082,0.219795,0.963272,0.0,65.815331,0.073522,0.985869,0.073522,8.580549125
g2_video_111,0.528079,0.193505,0.963272,0.0,62.265069,0.07063,0.945648,0.07063,8.129604124999998
g2_video_112,0.501215,0.215495,0.963272,0.0,55.229709,0.069856,0.94126,0.069856,7.248832875000001
g2_video_113,0.460333,0.207075,0.963272,0.0,51.889456,0.09651,0.973371,0.09651,6.835815875000001
g2_video_114,0.601341,0.187067,0.963272,0.0,74.691059,0.053832,0.989821,0.053832,9.692528
g2_video_115,0.614083,0.178975,0.963272,0.0,65.195066,0.075747,0.983839,0.075747,8.510841125000002
g2_video_116,0.604587,0.214685,0.963272,0.0,73.427436,0.06875,0.982423,0.06875,9.541237874999998
g2_video_117,0.519657,0.228663,0.963272,0.0,72.149505,0.057663,0.962576,0.057663,9.367374875000001
g2_video_118,0.50181,0.216135,0.963272,0.0,71.164154,0.07331,0.99283,0.07331,9.248102625000001
g2_video_119,0.654877,0.222299,0.963272,0.0,66.864583,0.070941,0.984399,0.070941,8.728914
g2_video_120,0.548886,0.218386,0.963272,0.0,55.397958,0.052373,0.912879,0.052373,7.268265875000001
g2_video_121,0.566084,0.227021,0.963272,0.0,60.918244,0.083056,0.970231,0.083056,7.9763705
g2_video_122,0.507025,0.198628,0.963272,0.0,72.307019,0.044883,0.939084,0.044883,9.375599249999999
g2_video_123,0.576018,0.219629,0.963272,0.0,70.78264,0.090871,0.988542,0.090871,9.213980375000002
g2_video_124,0.657024,0.235892,0.963272,0.0,67.541608,0.076794,0.979974,0.076794,8.816419750000001
g2_video_125,0.636264,0.237718,0.963272,0.0,73.236368,0.079015,0.994789,0.079015,9.528305125
g2_video_126,0.469811,0.192681,0.963272,0.0,66.452319,0.06908,0.942458,0.06908,8.644837625000001
g2_video_127,0.51801,0.223752,0.963272,0.0,72.133871,0.08676,0.993199,0.08676,9.375703
g3_video_000,0.613738,0.2017,0.961091,0.0,66.099724,0.091255,0.960977,0.091255,8.6274675
g3_video_001,0.635054,0.212787,0.961091,0.0,70.57536,0.078009,0.973537,0.078009,9.189230874999998
g3_video_002,0.76702,0.206402,0.961091,0.0,75.832445,0.058264,0.99051,0.058264,9.859249499999999
g3_video_003,0.68672,0.199336,0.961091,0.0,75.628566,0.095193,0.975134,0.095193,9.830154125
g3_video_004,0.656735,0.211915,0.961091,0.0,71.903756,0.021467,0.992095,0.021467,9.346065750000001
g3_video_005,0.642906,0.225284,0.961091,0.0,76.406285,0.056193,0.980734,0.056193,9.916085749999997
g3_video_006,0.56527,0.257487,0.961091,0.0,67.602405,0.074698,0.978884,0.074698,8.814316625
g3_video_007,0.679049,0.213401,0.961091,0.0,76.360285,0.058785,0.981463,0.058785,9.914107375000002
g3_video_008,0.692863,0.199022,0.961091,0.0,75.201106,0.053415,0.992875,0.053415,9.769223375
g3_video_009,0.719377,0.19835,0.961091,0.0,79.910549,0.043995,0.973944,0.043995,10.356412624999999
g3_video_010,0.617931,0.220701,0.961091,0.0,70.716862,0.046313,0.990345,0.046313,9.1999445
g3_video_011,0.480431,0.253993,0.961091,0.0,61.516213,0.086512,0.994056,0.086512,8.047350999999999
g3_video_012,0.675179,0.212976,0.961091,0.0,78.465141,0.090633,0.964884,0.090633,10.182567124999998
g3_video_013,0.565041,0.189281,0.961091,0.0,74.608931,0.054387,0.984074,0.054387,9.677149000000002
g3_video_014,0.572508,0.218369,0.961091,0.0,72.34434,0.044022,0.986353,0.044022,9.396338125
g3_video_015,0.56582,0.185805,0.961091,0.0,73.192407,0.056925,0.96961,0.056925,9.498572875000002
g3_video_016,0.761834,0.211055,0.961091,0.0,71.432726,0.039197,0.97702,0.039197,9.302765
g3_video_017,0.614273,0.207287,0.961091,0.0,74.345722,0.080389,0.961226,0.080389,9.656297124999998
g3_video_018,0.522063,0.221102,0.961091,0.0,52.125311,0.109778,0.933961,0.109778,6.8728855
g3_video_019,0.718662,0.196226,0.961091,0.0,76.541705,0.070101,0.974707,0.070101,9.941574124999997
g3_video_020,0.527043,0.230774,0.961091,0.0,73.066595,0.011803,0.985899,0.011803,9.474376000000001
g3_video_021,0.605897,0.200151,0.961091,0.0,75.0534,0.083328,0.967605,0.083328,9.744349999999999
g3_video_022,0.515652,0.19876,0.961091,0.0,73.22326,0.034718,0.973152,0.034718,9.492668875
g3_video_023,0.602739,0.213742,0.961091,0.0,77.968676,0.055463,0.962924,0.055463,10.102512250000002
g3_video_024,0.617044,0.225308,0.961091,0.0,77.244958,-0.018266,0.983578,-0.018266,9.999430875
g3_video_025,0.552708,0.219804,0.961091,0.0,76.456633,0.063143,0.979587,0.063143,9.912013624999998
g3_video_026,0.700873,0.222738,0.961091,0.0,74.322405,0.063315,0.95369,0.063315,9.660928375000001
g3_video_027,0.5588,0.240706,0.961091,0.0,78.964063,0.066326,0.99066,0.066326,10.230996500000002
g3_video_028,0.723583,0.201283,0.961091,0.0,70.815321,-0.007814,0.988679,-0.007814,9.209291125000002
g3_video_029,0.614538,0.201199,0.961091,0.0,73.971924,0.054845,0.987172,0.054845,9.60570175
g3_video_030,0.644023,0.214427,0.961091,0.0,65.632463,0.034284,0.992234,0.034284,8.56410075
g3_video_031,0.639591,0.208817,0.961091,0.0,76.892614,0.004683,0.977464,0.004683,9.961117875
g3_video_032,0.579815,0.214591,0.961091,0.0,72.000292,0.000263,0.988916,0.000263,9.343153875000002
g3_video_033,0.509314,0.209723,0.961091,0.0,49.136397,0.099807,0.947953,0.099807,6.4955115
g3_video_034,0.529413,0.207822,0.961091,0.0,65.257381,0.068738,0.950659,0.068738,8.505480249999998
g3_video_035,0.562477,0.21732,0.961091,0.0,67.371914,0.053213,0.971336,0.053213,8.7738205
g3_video_036,0.534987,0.208148,0.961091,0.0,78.627778,0.032811,0.982517,0.032811,10.172517875
g3_video_037,0.729152,0.198912,0.961091,0.0,72.855635,0.007079,0.993186,0.007079,9.469016750000002
g3_video_038,0.603723,0.226412,0.961091,0.0,79.599522,0.084832,0.976181,0.084832,10.317074125
g3_video_039,0.734969,0.196001,0.961091,0.0,79.613139,0.040832,0.964066,0.040832,10.31886625
g3_video_040,0.734632,0.215964,0.961091,0.0,76.916139,0.003394,0.962153,0.003394,9.974595875
g3_video_041,0.560085,0.232502,0.961091,0.0,71.656957,0.021754,0.989036,0.021754,9.305397375
g3_video_042,0.572469,0.197285,0.961091,0.0,71.137133,0.053043,0.989938,0.053043,9.245500250000001
g3_video_043,0.563478,0.224541,0.961091,0.0,71.453493,0.013264,0.972586,0.013264,9.275214625000002
g3_video_044,0.625225,0.204354,0.961091,0.0,76.384664,0.071968,0.97345,0.071968,9.91159
g3_video_045,0.535115,0.170487,0.961091,0.0,80.155676,0.047407,0.962507,0.047407,10.359961250000001
g3_video_046,0.590249,0.190145,0.961091,0.0,63.812788,0.027814,0.984986,0.027814,8.324360875000002
g3_video_047,0.573843,0.204892,0.961091,0.0,54.693101,0.003091,0.972309,0.003091,7.17642725
g3_video_048,0.660265,0.221149,0.961091,0.0,77.280377,0.047027,0.983637,0.047027,10.025071625
g3_video_049,0.537247,0.197135,0.961091,0.0,74.786884,0.021976,0.988977,0.021976,9.68941075
g3_video_050,0.582763,0.215957,0.961091,0.0,67.030786,0.014269,0.969998,0.014269,8.723641625
g3_video_051,0.653738,0.21131,0.961091,0.0,71.478045,-0.001513,0.981148,-0.001513,9.285288249999999
g3_video_052,0.610781,0.227153,0.961091,0.0,66.662135,0.036547,0.994647,0.036547,8.691112625
g3_video_053,0.633533,0.222717,0.961091,0.0,76.081273,-0.007183,0.987893,-0.007183,9.859017625
g3_video_054,0.695109,0.210236,0.961091,0.0,74.803292,-0.016845,0.987263,-0.016845,9.702912624999998
g3_video_055,0.548643,0.226048,0.961091,0.0,75.47976,-0.009791,0.989749,-0.009791,9.773213624999999
g3_video_056,0.626507,0.192218,0.961091,0.0,68.466109,0.036162,0.980075,0.036162,8.912290500000001
g3_video_057,0.686024,0.2223,0.961091,0.0,70.523627,0.0171,0.988159,0.0171,9.176925125
g3_video_058,0.668622,0.227566,0.961091,0.0,70.952553,0.040795,0.978404,0.040795,9.23372825
g3_video_059,0.655726,0.175129,0.961091,0.0,72.669519,0.04141,0.992274,0.04141,9.442069874999998
g3_video_060,0.641475,0.196961,0.961091,0.0,67.090366,0.060923,0.981244,0.060923,8.749122875000001
g3_video_061,0.627417,0.195507,0.961091,0.0,73.738642,0.01566,0.953772,0.01566,9.563468624999999
g3_video_062,0.598193,0.206848,0.961091,0.0,60.103324,-0.009895,0.986791,-0.009895,7.8545571249999995
g3_video_063,0.583287,0.217872,0.961091,0.0,76.822068,0.07373,0.992634,0.07373,9.965551499999998
g3_video_064,0.656695,0.204206,0.961091,0.0,71.521724,0.003628,0.980603,0.003628,9.291446875000002
g3_video_065,0.684223,0.227905,0.961091,0.0,68.215185,0.024262,0.986974,0.024262,8.89048775
g3_video_066,0.464405,0.207746,0.961091,0.0,75.253084,0.022998,0.978907,0.022998,9.738903625
g3_video_067,0.54281,0.201117,0.961091,0.0,68.009149,0.070188,0.937653,0.070188,8.849024499999999
g3_video_068,0.746589,0.20835,0.961091,0.0,76.049763,0.033467,0.985652,0.033467,9.877297375000001
g3_video_069,0.54066,0.251395,0.961091,0.0,62.262192,0.040216,0.985255,0.040216,8.135128125
g3_video_070,0.501981,0.21318,0.961091,0.0,70.114519,0.03745,0.969226,0.03745,9.104362125000003
g3_video_071,0.552845,0.204086,0.961091,0.0,73.597664,0.040453,0.946505,0.040453,9.542887125
g3_video_072,0.569725,0.208076,0.961091,0.0,74.182297,0.003211,0.962975,0.003211,9.61132325
g3_video_073,0.535403,0.226595,0.961091,0.0,73.083255,0.058796,0.958625,0.058796,9.485320125
g3_video_074,0.649827,0.201038,0.961091,0.0,52.402711,0.040944,0.977266,0.040944,6.909227625000001
g3_video_075,0.526615,0.20444,0.961091,0.0,69.951984,0.067713,0.953355,0.067713,9.091613874999998
g3_video_076,0.584283,0.197615,0.961091,0.0,73.708049,0.027378,0.965899,0.027378,9.558961624999998
g3_video_077,0.534409,0.221478,0.961091,0.0,71.793493,0.080446,0.975849,0.080446,9.330901499999998
g3_video_078,0.566031,0.207794,0.961091,0.0,55.600593,0.093367,0.917972,0.093367,7.305026875
g3_video_079,0.551067,0.216266,0.961091,0.0,75.640616,0.022211,0.960094,0.022211,9.7966945
g3_video_080,0.53608,0.207023,0.961091,0.0,62.368483,0.041912,0.950335,0.041912,8.138354499999998
g3_video_081,0.51699,0.222964,0.961091,0.0,62.76693,0.104622,0.959123,0.104622,8.204542750000002
g3_video_082,0.403101,0.216912,0.961091,0.0,62.516489,0.10792,0.986665,0.10792,8.162512249999999
g3_video_083,0.54849,0.189517,0.961091,0.0,76.068184,0.04428,0.9807,0.04428,9.854567750000001
g3_video_084,0.660354,0.209938,0.961091,0.0,65.679031,0.010351,0.984798,0.010351,8.56448925
g3_video_085,0.469895,0.218873,0.961091,0.0,64.192718,0.060901,0.919618,0.060901,8.360499625000001
g3_video_086,0.550001,0.268377,0.961091,0.0,77.73133,0.012959,0.979888,0.012959,10.064575625
g3_video_087,0.525878,0.190811,0.961091,0.0,76.151669,0.039678,0.963886,0.039678,9.859086374999999
g3_video_088,0.611296,0.197272,0.961091,0.0,69.004298,0.049083,0.983402,0.049083,8.981940625
g3_video_089,0.589078,0.195647,0.961091,0.0,78.401314,0.018538,0.97691,0.018538,10.145139500000003
g3_video_090,0.614726,0.20309,0.961091,0.0,66.286264,0.01894,0.994484,0.01894,8.637191875000001
g3_video_091,0.452574,0.22015,0.961091,0.0,70.426037,0.01553,0.991748,0.01553,9.135332499999999
g3_video_092,0.639102,0.210928,0.961091,0.0,73.929303,0.00989,0.994733,0.00989,9.594367125
g3_video_093,0.639571,0.186982,0.961091,0.0,73.273983,0.027312,0.984411,0.027312,9.512582749999998
g3_video_094,0.512229,0.181396,0.961091,0.0,76.471491,0.017489,0.991968,0.017489,9.894144124999999
g3_video_095,0.526653,0.235041,0.961091,0.0,73.715958,0.001713,0.991405,0.001713,9.55419675
g3_video_096,0.633709,0.190544,0.961091,0.0,77.174498,0.033995,0.978013,0.033995,10.000730625000001
g3_video_097,0.46548,0.220431,0.961091,0.0,72.678209,0.012789,0.989,0.012789,9.417473625
g3_video_098,0.5391,0.214528,0.961091,0.0,77.160561,0.021456,0.974141,0.021456,9.986541625000001
g3_video_099,0.579657,0.197879,0.961091,0.0,77.287798,0.040413,0.984134,0.040413,10.011423124999999
g3_video_100,0.669736,0.239421,0.961091,0.0,74.607383,0.05532,0.961728,0.05532,9.693749874999998
g3_video_101,0.653092,0.214944,0.961091,0.0,72.218023,0.070214,0.993507,0.070214,9.397635625
g3_video_102,0.602597,0.213972,0.961091,0.0,72.444564,0.057835,0.95954,0.057835,9.41217925
g3_video_103,0.603321,0.225539,0.961091,0.0,75.781194,0.020443,0.987378,0.020443,9.824926125000001
g3_video_104,0.61949,0.222234,0.961091,0.0,71.563112,0.023805,0.968093,0.023805,9.297703749999998
g3_video_105,0.65154,0.204771,0.961091,0.0,52.698239,0.083583,0.978296,0.083583,6.957637875
g3_video_106,0.556611,0.222868,0.961091,0.0,60.327125,0.075099,0.961698,0.075099,7.897448875
g3_video_107,0.698186,0.198645,0.961091,0.0,72.03023,0.079198,0.984275,0.079198,9.378852875000002
g3_video_108,0.540117,0.189988,0.961091,0.0,72.262228,0.058155,0.963764,0.058155,9.37918725
g3_video_109,0.815311,0.239126,0.961091,0.0,79.520595,0.028451,0.988663,0.028451,10.322711000000002
g3_video_110,0.522948,0.215432,0.961091,0.0,69.676736,0.061466,0.98931,0.061466,9.061056125
g3_video_111,0.518971,0.183558,0.961091,0.0,69.484796,0.07269,0.94597,0.07269,9.029970749999999
g3_video_112,0.48515,0.208549,0.961091,0.0,58.580968,0.090894,0.908057,0.090894,7.665700374999999
g3_video_113,0.546227,0.204745,0.961091,0.0,56.40733,0.066075,0.967623,0.066075,7.40239575
g3_video_114,0.519167,0.169173,0.961091,0.0,72.588589,0.070893,0.979649,0.070893,9.419931875
g3_video_115,0.656329,0.172543,0.961091,0.0,69.094018,0.060061,0.986311,0.060061,8.998801750000002
g3_video_116,0.572346,0.20013,0.961091,0.0,70.566189,0.071843,0.971717,0.071843,9.176894874999999
g3_video_117,0.591242,0.223912,0.961091,0.0,71.972152,0.064943,0.968968,0.064943,9.355906375
g3_video_118,0.552687,0.201506,0.961091,0.0,74.604405,0.082649,0.989016,0.082649,9.684250375000001
g3_video_119,0.653877,0.206177,0.961091,0.0,65.801761,0.075732,0.986535,0.075732,8.595113125000001
g3_video_120,0.560719,0.208982,0.961091,0.0,60.555395,0.040644,0.94018,0.040644,7.913456875
g3_video_121,0.546713,0.236207,0.961091,0.0,66.690126,0.066992,0.956583,0.066992,8.690588
g3_video_122,0.473997,0.198695,0.961091,0.0,70.927576,0.044951,0.953738,0.044951,9.200624874999999
g3_video_123,0.520534,0.219284,0.961091,0.0,71.337671,0.097265,0.987202,0.097265,9.277538999999997
g3_video_124,0.657089,0.226388,0.961091,0.0,74.116141,0.070815,0.971522,0.070815,9.634232624999997
g3_video_125,0.658573,0.233628,0.961091,0.0,72.477,0.072062,0.990482,0.072062,9.43311225
g3_video_126,0.516984,0.172434,0.961091,0.0,65.145143,0.061701,0.969583,0.061701,8.486079625
g3_video_127,0.55807,0.224924,0.961091,0.0,73.633611,0.082456,0.990865,0.082456,9.566684124999998
g4_video_000,0.612738,0.211499,0.961482,0.0,65.240393,0.102395,0.959476,0.102395,8.52379725
g4_video_001,0.623868,0.208432,0.961482,0.0,70.25991,0.076653,0.973647,0.076653,9.147580624999998
g4_video_002,0.678517,0.212336,0.961482,0.0,73.220946,0.082101,0.982917,0.082101,9.527549999999998
g4_video_003,0.636356,0.201936,0.961482,0.0,73.073993,0.088509,0.971184,0.088509,9.502746125
g4_video_004,0.678941,0.214933,0.961482,0.0,70.358345,0.034365,0.991422,0.034365,9.159231624999999
g4_video_005,0.617774,0.231801,0.961482,0.0,77.250434,0.053079,0.97946,0.053079,10.018388625
g4_video_006,0.56738,0.256945,0.961482,0.0,67.105132,0.089902,0.973885,0.089902,8.755578499999999
g4_video_007,0.648521,0.217333,0.961482,0.0,76.368108,0.052651,0.987308,0.052651,9.91100675
g4_video_008,0.695114,0.203334,0.961482,0.0,73.609826,0.067029,0.993171,0.067029,9.574623125000002
g4_video_009,0.562211,0.204339,0.961482,0.0,78.757878,0.042963,0.974653,0.042963,10.193311125000001
g4_video_010,0.710239,0.22462,0.961482,0.0,68.890011,0.03843,0.984279,0.03843,8.980936375000002
g4_video_011,0.515248,0.27492,0.961482,0.0,62.025497,0.086134,0.992361,0.086134,8.117722
g4_video_012,0.564314,0.214166,0.961482,0.0,77.542264,0.074768,0.964118,0.074768,10.049485000000002
g4_video_013,0.538247,0.194915,0.961482,0.0,76.637242,0.067756,0.989765,0.067756,9.932145375000001
g4_video_014,0.609839,0.216114,0.961482,0.0,66.603198,0.035221,0.988246,0.035221,8.681165125000003
g4_video_015,0.552223,0.182469,0.961482,0.0,74.085858,0.05619,0.952833,0.05619,9.605905625
g4_video_016,0.692493,0.213611,0.961482,0.0,73.864651,0.037774,0.9808,0.037774,9.598573125
g4_video_017,0.626952,0.211486,0.961482,0.0,76.515504,0.075778,0.958707,0.075778,9.928210875000001
g4_video_018,0.508672,0.222529,0.961482,0.0,45.320298,0.138856,0.929745,0.138856,6.027554749999999
g4_video_019,0.701989,0.198854,0.961482,0.0,74.295172,0.068123,0.969357,0.068123,9.6578875
g4_video_020,0.554796,0.219578,0.961482,0.0,74.430733,0.022788,0.977941,0.022788,9.648763250000002
g4_video_021,0.594404,0.210072,0.961482,0.0,77.055939,0.090553,0.949418,0.090553,9.994052624999998
g4_video_022,0.557067,0.223167,0.961482,0.0,73.800866,0.045186,0.967079,0.045186,9.575004125
g4_video_023,0.637608,0.238191,0.961482,0.0,76.735604,0.034248,0.959893,0.034248,9.95015925
g4_video_024,0.609426,0.225854,0.961482,0.0,74.679267,-0.001119,0.982817,-0.001119,9.682075999999999
g4_video_025,0.536924,0.232115,0.961482,0.0,77.206825,0.081563,0.971953,0.081563,10.009053125
g4_video_026,0.68603,0.229986,0.961482,0.0,78.307767,0.07297,0.951764,0.07297,10.160371125
g4_video_027,0.604098,0.24641,0.961482,0.0,78.931014,0.056621,0.977449,0.056621,10.229211875
g4_video_028,0.727164,0.195369,0.961482,0.0,67.275739,-0.002386,0.990853,-0.002386,8.768229375
g4_video_029,0.626378,0.19891,0.961482,0.0,74.273933,0.050387,0.983936,0.050387,9.643176625
g4_video_030,0.608167,0.205052,0.961482,0.0,73.515223,0.012626,0.996487,0.012626,9.538957875
g4_video_031,0.628935,0.204755,0.961482,0.0,73.719823,-0.016174,0.982082,-0.016174,9.558091124999999
g4_video_032,0.603145,0.217209,0.961482,0.0,72.701896,0.010333,0.987967,0.010333,9.436545625
g4_video_033,0.578816,0.209482,0.961482,0.0,55.204795,0.089515,0.936614,0.089515,7.258777374999999
g4_video_034,0.512126,0.20931,0.961482,0.0,60.430511,0.072917,0.922467,0.072917,7.897716249999999
g4_video_035,0.600638,0.211096,0.961482,0.0,67.15984,0.016147,0.967531,0.016147,8.741610125000001
g4_video_036,0.504109,0.207512,0.961482,0.0,77.812085,0.025179,0.977806,0.025179,10.064168999999998
g4_video_037,0.685487,0.196115,0.961482,0.0,73.38708,0.00875,0.990668,0.00875,9.529791500000002
g4_video_038,0.538366,0.223426,0.961482,0.0,79.832118,0.059171,0.969249,0.059171,10.330372875000002
g4_video_039,0.688067,0.205604,0.961482,0.0,78.344218,0.05927,0.968083,0.05927,10.160749249999999
g4_video_040,0.704512,0.219649,0.961482,0.0,76.045813,0.013236,0.965,0.013236,9.865366000000002
g4_video_041,0.566795,0.239334,0.961482,0.0,72.050158,0.049348,0.991867,0.049348,9.363541499999998
g4_video_042,0.584771,0.220839,0.961482,0.0,72.411138,0.040074,0.985717,0.040074,9.405511875
g4_video_043,0.523383,0.226202,0.961482,0.0,64.877813,0.020378,0.942325,0.020378,8.446495124999998
g4_video_044,0.59388,0.209048,0.961482,0.0,77.110296,0.069515,0.972821,0.069515,9.998319624999999
g4_video_045,0.574324,0.187668,0.961482,0.0,79.744428,0.071459,0.962989,0.071459,10.321726125
g4_video_046,0.568228,0.18104,0.961482,0.0,60.963176,0.021183,0.989836,0.021183,7.963265999999999
g4_video_047,0.554177,0.20697,0.961482,0.0,57.722384,0.011868,0.969126,0.011868,7.554734375
g4_video_048,0.617469,0.219124,0.961482,0.0,76.717691,0.039716,0.98376,0.039716,9.94736975
g4_video_049,0.574409,0.20815,0.961482,0.0,75.859853,-0.030096,0.989142,-0.030096,9.8166055
g4_video_050,0.616454,0.217752,0.961482,0.0,71.123934,0.012299,0.965357,0.012299,9.238697125
g4_video_051,0.642238,0.218287,0.961482,0.0,74.501129,-0.01079,0.980209,-0.01079,9.660220625000001
g4_video_052,0.539563,0.222348,0.961482,0.0,68.148284,0.050232,0.983033,0.050232,8.86939675
g4_video_053,0.624376,0.220004,0.961482,0.0,71.651738,-0.001301,0.982917,-0.001301,9.304739375
g4_video_054,0.712115,0.214466,0.961482,0.0,72.091319,0.000481,0.988098,0.000481,9.371055249999998
g4_video_055,0.554244,0.22375,0.961482,0.0,75.054398,0.005502,0.988321,0.005502,9.724149875000002
g4_video_056,0.687876,0.19317,0.961482,0.0,74.500505,0.038235,0.97438,0.038235,9.674235375
g4_video_057,0.649847,0.225497,0.961482,0.0,71.313651,0.024493,0.986481,0.024493,9.273243
g4_video_058,0.616598,0.230191,0.961482,0.0,73.780376,0.035605,0.973061,0.035605,9.579114750000002
g4_video_059,0.657631,0.193984,0.961482,0.0,76.762441,0.018576,0.995816,0.018576,9.951063249999999
g4_video_060,0.649352,0.204213,0.961482,0.0,67.650506,0.065805,0.982853,0.065805,8.822502
g4_video_061,0.638983,0.190549,0.961482,0.0,75.20811,0.03292,0.961714,0.03292,9.753334750000002
g4_video_062,0.612073,0.20842,0.961482,0.0,63.990176,0.000423,0.986092,0.000423,8.344886124999999
g4_video_063,0.641023,0.225861,0.961482,0.0,76.813713,0.067167,0.993192,0.067167,9.971200625
g4_video_064,0.654038,0.208919,0.961482,0.0,72.144804,-0.009092,0.980388,-0.009092,9.366430875
g4_video_065,0.720407,0.218302,0.961482,0.0,65.691399,0.035547,0.987853,0.035547,8.581317125
g4_video_066,0.461574,0.197881,0.961482,0.0,69.263731,0.046825,0.978394,0.046825,8.994589
g4_video_067,0.5445,0.197614,0.961482,0.0,70.562697,0.052172,0.937598,0.052172,9.163529375
g4_video_068,0.735558,0.205276,0.961482,0.0,76.146705,0.03755,0.989883,0.03755,9.8892505
g4_video_069,0.528244,0.26426,0.961482,0.0,72.608613,0.040521,0.983061,0.040521,9.42833775
g4_video_070,0.489587,0.212029,0.961482,0.0,74.60272,0.014236,0.959601,0.014236,9.656736375000001
g4_video_071,0.500599,0.219869,0.961482,0.0,70.702369,0.047717,0.961434,0.047717,9.180148375000002
g4_video_072,0.557192,0.223058,0.961482,0.0,75.882733,0.020312,0.960078,0.020312,9.828145875
g4_video_073,0.50364,0.223597,0.961482,0.0,73.406921,0.037064,0.982922,0.037064,9.51908625
g4_video_074,0.677703,0.207956,0.961482,0.0,63.195887,0.041297,0.965752,0.041297,8.261421749999998
g4_video_075,0.552984,0.215294,0.961482,0.0,67.367894,0.061992,0.947273,0.061992,8.771113875000001
g4_video_076,0.476094,0.203038,0.961482,0.0,72.793619,0.031941,0.962764,0.031941,9.432609875000002
g4_video_077,0.55675,0.224135,0.961482,0.0,75.2844,0.047875,0.995869,0.047875,9.764798250000002
g4_video_078,0.586891,0.210444,0.961482,0.0,56.421106,0.093771,0.894302,0.093771,7.407720875
g4_video_079,0.546788,0.211434,0.961482,0.0,75.974186,0.013185,0.94734,0.013185,9.83345
g4_video_080,0.556417,0.201356,0.961482,0.0,61.449859,0.048245,0.971294,0.048245,8.029612249999998
g4_video_081,0.484948,0.231262,0.961482,0.0,68.389837,0.094439,0.943854,0.094439,8.900032624999998
g4_video_082,0.3831,0.19457,0.961482,0.0,49.81835,0.096754,0.983973,0.096754,6.566872875
g4_video_083,0.547826,0.209902,0.961482,0.0,73.29164,0.044156,0.974917,0.044156,9.509259875000001
g4_video_084,0.64311,0.21422,0.961482,0.0,67.743779,0.00727,0.978256,0.00727,8.819423375000001
g4_video_085,0.483917,0.218818,0.961482,0.0,68.060475,0.072445,0.921573,0.072445,8.848894374999999
g4_video_086,0.531001,0.261562,0.961482,0.0,78.873971,0.001219,0.990264,0.001219,10.202589750000001
g4_video_087,0.468839,0.202315,0.961482,0.0,76.034452,0.058766,0.957416,0.058766,9.842754500000002
g4_video_088,0.580487,0.204767,0.961482,0.0,60.400484,0.047236,0.983726,0.047236,7.903177249999999
g4_video_089,0.486866,0.199006,0.961482,0.0,75.625644,0.032456,0.957586,0.032456,9.786937
g4_video_090,0.630757,0.226337,0.961482,0.0,71.155125,0.022003,0.994538,0.022003,9.251530625
g4_video_091,0.512159,0.226661,0.961482,0.0,73.068326,0.036138,0.992541,0.036138,9.479180624999998
g4_video_092,0.611663,0.204231,0.961482,0.0,73.676301,0.014696,0.995623,0.014696,9.5598365
g4_video_093,0.467371,0.215733,0.961482,0.0,66.768118,0.056049,0.983051,0.056049,8.688481625000001
g4_video_094,0.507166,0.17945,0.961482,0.0,75.022583,0.02135,0.993608,0.02135,9.713373625
g4_video_095,0.497021,0.232882,0.961482,0.0,71.963527,0.008118,0.990194,0.008118,9.332667749999999
g4_video_096,0.571539,0.200275,0.961482,0.0,76.182236,0.030386,0.98352,0.030386,9.869977999999998
g4_video_097,0.546795,0.220908,0.961482,0.0,72.793825,0.016497,0.979444,0.016497,9.441931
g4_video_098,0.457595,0.213774,0.961482,0.0,76.48629,0.03649,0.965947,0.03649,9.8947585
g4_video_099,0.484118,0.207111,0.961482,0.0,75.91657,0.064716,0.977826,0.064716,9.834567374999999
g4_video_100,0.694591,0.230055,0.961482,0.0,76.965142,0.0497,0.994184,0.0497,9.99310675
g4_video_101,0.63876,0.21008,0.961482,0.0,67.092594,0.069843,0.987013,0.069843,8.753701875000003
g4_video_102,0.603407,0.229757,0.961482,0.0,74.267629,0.067061,0.928284,0.067061,9.640585125
g4_video_103,0.587076,0.22463,0.961482,0.0,70.929761,0.050486,0.967181,0.050486,9.221387750000002
g4_video_104,0.615429,0.228911,0.961482,0.0,72.728509,0.04734,0.968538,0.04734,9.449693625000002
g4_video_105,0.65866,0.211326,0.961482,0.0,52.177445,0.066077,0.981677,0.066077,6.890343
g4_video_106,0.529594,0.215948,0.961482,0.0,61.704785,0.072118,0.95226,0.072118,8.063538125000001
g4_video_107,0.72345,0.200569,0.961482,0.0,72.007064,0.078006,0.980829,0.078006,9.378675750000001
g4_video_108,0.543251,0.192989,0.961482,0.0,72.554477,0.063086,0.97017,0.063086,9.418567625
g4_video_109,0.771618,0.240266,0.961482,0.0,79.565382,0.04238,0.989441,0.04238,10.326618624999998
g4_video_110,0.535104,0.224305,0.961482,0.0,70.102818,0.066679,0.985818,0.066679,9.117860624999997
g4_video_111,0.540583,0.184774,0.961482,0.0,75.022552,0.061682,0.935697,0.061682,9.721056500000003
g4_video_112,0.511668,0.206225,0.961482,0.0,55.926664,0.089211,0.956297,0.089211,7.34259475
g4_video_113,0.515646,0.204065,0.961482,0.0,59.955381,0.082181,0.95987,0.082181,7.84510075
g4_video_114,0.612601,0.182403,0.961482,0.0,73.150661,0.074711,0.978736,0.074711,9.504413124999997
g4_video_115,0.58819,0.178277,0.961482,0.0,69.350889,0.051808,0.984102,0.051808,9.020819499999998
g4_video_116,0.62336,0.201058,0.961482,0.0,74.277835,0.070494,0.977542,0.070494,9.647783124999998
g4_video_117,0.5766,0.228271,0.961482,0.0,67.956555,0.057091,0.953956,0.057091,8.84888075
g4_video_118,0.527604,0.212937,0.961482,0.0,75.875623,0.061501,0.981004,0.061501,9.835206500000002
g4_video_119,0.669171,0.212396,0.961482,0.0,66.517144,0.079801,0.980455,0.079801,8.687531250000001
g4_video_120,0.598517,0.212577,0.961482,0.0,55.459986,0.06134,0.960452,0.06134,7.28946175
g4_video_121,0.524809,0.234265,0.961482,0.0,62.433865,0.067736,0.958172,0.067736,8.156008125
g4_video_122,0.515712,0.200065,0.961482,0.0,71.161603,0.047122,0.949574,0.047122,9.235335000000001
g4_video_123,0.566766,0.231125,0.961482,0.0,64.214902,0.105983,0.992361,0.105983,8.397325249999998
g4_video_124,0.663142,0.21847,0.961482,0.0,69.043969,0.070421,0.974861,0.070421,9.00034575
g4_video_125,0.652315,0.237618,0.961482,0.0,71.878782,0.078524,0.987816,0.078524,9.359382625
g4_video_126,0.479536,0.175969,0.961482,0.0,68.874212,0.064364,0.968051,0.064364,8.948497249999999
g4_video_127,0.508804,0.224424,0.961482,0.0,70.250647,0.08493,0.990516,0.08493,9.138216625
g5_video_000,0.624682,0.220815,0.967497,0.0,57.128529,0.099118,0.982731,0.099118,7.51531125
g5_video_001,0.530251,0.220986,0.967497,0.0,65.893715,0.096249,0.985129,0.096249,8.5987595
g5_video_002,0.625119,0.20858,0.967497,0.0,72.926207,0.058768,0.987922,0.058768,9.479107625000001
g5_video_003,0.502657,0.226734,0.967497,0.0,51.918057,0.085976,0.980661,0.085976,6.84594475
g5_video_004,0.709155,0.211048,0.967497,0.0,63.138981,0.037686,0.985526,0.037686,8.260947374999997
g5_video_005,0.513599,0.246973,0.967497,0.0,63.830181,0.083757,0.973609,0.083757,8.337421625000001
g5_video_006,0.516779,0.258236,0.967497,0.0,66.130533,0.07603,0.98139,0.07603,8.625811875000002
g5_video_007,0.582582,0.232566,0.967497,0.0,75.12008,0.071502,0.983863,0.071502,9.753699
g5_video_008,0.651598,0.209198,0.967497,0.0,78.228753,0.081577,0.988519,0.081577,10.151089874999998
g5_video_009,0.458261,0.21196,0.967497,0.0,66.399244,0.052383,0.97631,0.052383,8.639754750000002
g5_video_010,0.642642,0.222611,0.967497,0.0,68.982493,0.033617,0.988097,0.033617,8.983821750000002
g5_video_011,0.449816,0.252097,0.967497,0.0,45.955146,0.06789,0.984112,0.06789,6.093056
g5_video_012,0.577779,0.211132,0.967497,0.0,76.684495,0.038898,0.988838,0.038898,9.938442125
g5_video_013,0.432778,0.205933,0.967497,0.0,60.200868,0.071709,0.989243,0.071709,7.867467125
g5_video_014,0.552098,0.22014,0.967497,0.0,67.466428,0.069398,0.980469,0.069398,8.7906785
g5_video_015,0.509185,0.194678,0.967497,0.0,77.553029,0.041127,0.982305,0.041127,10.0361185
g5_video_016,0.599172,0.217819,0.967497,0.0,46.677028,0.042312,0.986423,0.042312,6.191570375000001
g5_video_017,0.568895,0.236095,0.967497,0.0,70.77598,0.055048,0.979471,0.055048,9.20475425
g5_video_018,0.551181,0.214803,0.967497,0.0,69.94979,0.099013,0.990663,0.099013,9.108994999999998
g5_video_019,0.613852,0.234287,0.967497,0.0,70.746383,0.091004,0.978847,0.091004,9.215359249999999
g5_video_020,0.398994,0.245084,0.967497,0.0,75.450714,0.054356,0.985839,0.054356,9.769605
g5_video_021,0.385349,0.202458,0.967497,0.0,30.995279,0.070159,0.974237,0.070159,4.20814225
g5_video_022,0.552002,0.223496,0.967497,0.0,68.108394,0.05112,0.989674,0.05112,8.867912874999998
g5_video_023,0.433726,0.242207,0.967497,0.0,66.453387,0.050678,0.968984,0.050678,8.645894625000002
g5_video_024,0.521961,0.217408,0.967497,0.0,78.362605,0.014639,0.98608,0.014639,10.135603625000002
g5_video_025,0.436278,0.220919,0.967497,0.0,72.331379,0.059089,0.987682,0.059089,9.382741625000001
g5_video_026,0.512457,0.226037,0.967497,0.0,62.074009,0.071171,0.976756,0.071171,8.11238725
g5_video_027,0.591583,0.234414,0.967497,0.0,59.108487,0.043968,0.984103,0.043968,7.7467524999999995
g5_video_028,0.574129,0.194474,0.967497,0.0,71.219292,0.022385,0.988629,0.022385,9.248598874999999
g5_video_029,0.565833,0.217492,0.967497,0.0,70.838375,0.084451,0.986047,0.084451,9.21801825
g5_video_030,0.571087,0.218226,0.967497,0.0,70.542757,0.049021,0.989463,0.049021,9.173383999999999
g5_video_031,0.549363,0.228192,0.967497,0.0,58.343703,0.032685,0.979542,0.032685,7.641708375
g5_video_032,0.533885,0.224477,0.967497,0.0,70.290335,0.04211,0.990844,0.04211,9.136407249999998
g5_video_033,0.602777,0.227523,0.967497,0.0,53.538558,0.073296,0.989308,0.073296,7.0590318750000005
g5_video_034,0.438951,0.221019,0.967497,0.0,64.843306,0.07126,0.983791,0.07126,8.449635499999998
g5_video_035,0.469357,0.244881,0.967497,0.0,69.615945,0.0426,0.991039,0.0426,9.046739874999998
g5_video_036,0.432897,0.222401,0.967497,0.0,73.550803,0.050644,0.988113,0.050644,9.532874875000001
g5_video_037,0.63977,0.215529,0.967497,0.0,66.200768,0.023509,0.989812,0.023509,8.63254925
g5_video_038,0.507714,0.235666,0.967497,0.0,72.997854,0.102969,0.986803,0.102969,9.487684
g5_video_039,0.590438,0.220307,0.967497,0.0,68.72065,0.038554,0.984529,0.038554,8.945066125000002
g5_video_040,0.670606,0.224703,0.967497,0.0,75.851481,-0.01629,0.988462,-0.01629,9.833771125000002
g5_video_041,0.512476,0.240229,0.967497,0.0,54.20135,0.046633,0.979147,0.046633,7.1242456249999995
g5_video_042,0.432693,0.216692,0.967497,0.0,45.926954,-0.008471,0.984153,-0.008471,6.063880875
g5_video_043,0.534559,0.247087,0.967497,0.0,50.958822,0.0139,0.980829,0.0139,6.71457425
g5_video_044,0.511579,0.21098,0.967497,0.0,76.979772,0.080759,0.989943,0.080759,9.977661125
g5_video_045,0.417426,0.193024,0.967497,0.0,63.570854,0.049295,0.972283,0.049295,8.27745925
g5_video_046,0.653949,0.193924,0.967497,0.0,59.40524,0.036149,0.989603,0.036149,7.785313875000001
g5_video_047,0.512866,0.201972,0.967497,0.0,53.30695,0.004804,0.98888,0.004804,6.9984716250000005
g5_video_048,0.521411,0.221295,0.967497,0.0,64.101609,0.040867,0.99117,0.040867,8.360589500000001
g5_video_049,0.45062,0.225363,0.967497,0.0,73.611201,0.030057,0.989565,0.030057,9.538044999999999
g5_video_050,0.510951,0.224404,0.967497,0.0,31.872705,0.078521,0.985001,0.078521,4.339700000000001
g5_video_051,0.587513,0.228526,0.967497,0.0,38.827948,0.021383,0.98769,0.021383,5.2052425
g5_video_052,0.589013,0.220586,0.967497,0.0,60.030783,0.058776,0.991869,0.058776,7.8646625000000006
g5_video_053,0.586116,0.234389,0.967497,0.0,72.026084,0.022537,0.989832,0.022537,9.356124000000001
g5_video_054,0.67355,0.224599,0.967497,0.0,70.107969,-0.019886,0.989615,-0.019886,9.11543225
g5_video_055,0.538329,0.231457,0.967497,0.0,75.795867,-0.009278,0.99079,-0.009278,9.813173000000003
g5_video_056,0.520651,0.209763,0.967497,0.0,70.762582,0.081614,0.989654,0.081614,9.201671875
g5_video_057,0.683227,0.22832,0.967497,0.0,62.538829,0.038519,0.989089,0.038519,8.1855
g5_video_058,0.531424,0.231028,0.967497,0.0,69.285916,0.010316,0.976661,0.010316,9.001644750000002
g5_video_059,0.445947,0.203979,0.967497,0.0,43.562919,0.069895,0.992459,0.069895,5.789073875000001
g5_video_060,0.54333,0.2041,0.967497,0.0,70.270599,0.056794,0.986062,0.056794,9.135647
g5_video_061,0.541442,0.230184,0.967497,0.0,60.057754,0.04148,0.972233,0.04148,7.856508750000001
g5_video_062,0.529978,0.219785,0.967497,0.0,59.117948,0.034531,0.98927,0.034531,7.7366925
g5_video_063,0.498301,0.236744,0.967497,0.0,41.20586,0.08268,0.986098,0.08268,5.507482500000001
g5_video_064,0.697693,0.197287,0.967497,0.0,66.654535,0.002186,0.988992,0.002186,8.688796999999997
g5_video_065,0.617959,0.226593,0.967497,0.0,66.991368,0.051817,0.987411,0.051817,8.736807749999999
g5_video_066,0.464686,0.220568,0.967497,0.0,34.80532,0.087102,0.991278,0.087102,4.702944125000001
g5_video_067,0.44896,0.218369,0.967497,0.0,63.144686,0.070326,0.987356,0.070326,8.238439999999999
g5_video_068,0.608583,0.218393,0.967497,0.0,72.39333,0.046814,0.98544,0.046814,9.408358875
g5_video_069,0.495951,0.258136,0.967497,0.0,65.140139,0.046703,0.983978,0.046703,8.492388374999999
g5_video_070,0.539205,0.232517,0.967497,0.0,47.453638,0.030976,0.989529,0.030976,6.28054225
g5_video_071,0.61597,0.22722,0.967497,0.0,64.502642,0.058286,0.978232,0.058286,8.426016624999999
g5_video_072,0.457454,0.220214,0.967497,0.0,52.470134,0.062235,0.983591,0.062235,6.90292
g5_video_073,0.522775,0.239196,0.967497,0.0,52.794085,0.029583,0.983874,0.029583,6.945824125000001
g5_video_074,0.467242,0.221401,0.967497,0.0,31.961862,0.046379,0.988624,0.046379,4.337423
g5_video_075,0.455527,0.222659,0.967497,0.0,64.464336,0.048158,0.981962,0.048158,8.398537125
g5_video_076,0.490533,0.226895,0.967497,0.0,63.382226,0.046333,0.987803,0.046333,8.268452500000002
g5_video_077,0.499902,0.225505,0.967497,0.0,66.23284,0.049743,0.983763,0.049743,8.626124125
g5_video_078,0.538711,0.213212,0.967497,0.0,39.36944,0.079523,0.983869,0.079523,5.278971875
g5_video_079,0.475487,0.235167,0.967497,0.0,74.741936,0.019355,0.987561,0.019355,9.68079475
g5_video_080,0.404545,0.219228,0.967497,0.0,45.801612,0.062548,0.973341,0.062548,6.061414875
g5_video_081,0.594648,0.232536,0.967497,0.0,74.734999,0.051504,0.986251,0.051504,9.702367374999998
g5_video_082,0.266595,0.231392,0.967497,0.0,28.748844,0.096983,0.988433,0.096983,3.9245908750000003
g5_video_083,0.541828,0.220667,0.967497,0.0,77.625279,0.048942,0.983935,0.048942,10.05463625
g5_video_084,0.670398,0.235688,0.967497,0.0,61.412846,0.022886,0.987511,0.022886,8.039964
g5_video_085,0.530247,0.259062,0.967497,0.0,76.229523,0.032122,0.978184,0.032122,9.878594625
g5_video_086,0.39474,0.269401,0.967497,0.0,71.542627,0.040846,0.985342,0.040846,9.280162375
g5_video_087,0.38206,0.21857,0.967497,0.0,55.311543,0.017645,0.982533,0.017645,7.237186625
g5_video_088,0.455814,0.233449,0.967497,0.0,46.031254,0.030734,0.981798,0.030734,6.09141
g5_video_089,0.562429,0.237506,0.967497,0.0,68.112712,0.08315,0.979354,0.08315,8.878224750000001
g5_video_090,0.571506,0.223689,0.967497,0.0,69.065883,0.100078,0.991838,0.100078,9.002571125
g5_video_091,0.483881,0.235005,0.967497,0.0,60.243605,0.01839,0.989081,0.01839,7.869481124999999
g5_video_092,0.550621,0.251603,0.967497,0.0,75.277158,0.008763,0.990226,0.008763,9.756828875000002
g5_video_093,0.488011,0.218411,0.967497,0.0,70.928281,0.047632,0.988943,0.047632,9.210800874999999
g5_video_094,0.488298,0.20537,0.967497,0.0,77.50678,0.0457,0.987575,0.0457,10.030865
g5_video_095,0.528772,0.258544,0.967497,0.0,61.580837,0.035089,0.990022,0.035089,8.04948125
g5_video_096,0.566011,0.206292,0.967497,0.0,75.189853,0.047204,0.988191,0.047204,9.751531499999999
g5_video_097,0.554819,0.247574,0.967497,0.0,68.416886,0.006999,0.990983,0.006999,8.898969625
g5_video_098,0.494484,0.238302,0.967497,0.0,75.26581,0.049414,0.97285,0.049414,9.754721374999999
g5_video_099,0.548427,0.208911,0.967497,0.0,71.358642,0.0458,0.983813,0.0458,9.26986125
g5_video_100,0.534121,0.20881,0.967497,0.0,42.249421,0.086015,0.987766,0.086015,5.639955625000001
g5_video_101,0.580949,0.213955,0.967497,0.0,48.956207,0.069053,0.990963,0.069053,6.480959624999999
g5_video_102,0.611849,0.252363,0.967497,0.0,37.932328,0.09217,0.970933,0.09217,5.114913750000001
g5_video_103,0.53056,0.235278,0.967497,0.0,59.514856,0.054788,0.988054,0.054788,7.793227625
g5_video_104,0.608204,0.227743,0.967497,0.0,60.744553,0.062049,0.988291,0.062049,7.95754825
g5_video_105,0.556709,0.20413,0.967497,0.0,15.630694,0.099649,0.989675,0.099649,2.3185003749999997
g5_video_106,0.551074,0.231132,0.967497,0.0,55.035659,0.078776,0.983384,0.078776,7.2407872499999995
g5_video_107,0.60457,0.204632,0.967497,0.0,57.731027,0.080562,0.987771,0.080562,7.582077625
g5_video_108,0.521017,0.199532,0.967497,0.0,68.274967,0.080554,0.990191,0.080554,8.889289000000002
g5_video_109,0.67551,0.248794,0.967497,0.0,79.49154,0.060791,0.989871,0.060791,10.311849249999998
g5_video_110,0.542401,0.232754,0.967497,0.0,57.7626,0.083359,0.989457,0.083359,7.582678375
g5_video_111,0.408683,0.199138,0.967497,0.0,52.722556,0.085264,0.956381,0.085264,6.928097875000001
g5_video_112,0.59243,0.208937,0.967497,0.0,69.846316,0.065383,0.990596,0.065383,9.092067749999998
g5_video_113,0.379772,0.220061,0.967497,0.0,65.006017,0.078505,0.9796,0.078505,8.463744625000002
g5_video_114,0.510138,0.213164,0.967497,0.0,70.590789,0.064239,0.988329,0.064239,9.174799375
g5_video_115,0.584993,0.184769,0.967497,0.0,59.48752,0.080688,0.986879,0.080688,7.796629250000001
g5_video_116,0.597126,0.22199,0.967497,0.0,74.356255,0.093691,0.98863,0.093691,9.664860000000003
g5_video_117,0.469282,0.23268,0.967497,0.0,72.606824,0.062378,0.985612,0.062378,9.423331375
g5_video_118,0.435422,0.229097,0.967497,0.0,40.551564,0.114107,0.985591,0.114107,5.424673124999999
g5_video_119,0.581849,0.206209,0.967497,0.0,43.686255,0.102973,0.988822,0.102973,5.82957225
g5_video_120,0.539416,0.229645,0.967497,0.0,54.566973,0.058795,0.983677,0.058795,7.175599750000001
g5_video_121,0.450216,0.217125,0.967497,0.0,59.33222,0.099522,0.988713,0.099522,7.769351875
g5_video_122,0.466167,0.204454,0.967497,0.0,70.933243,0.048557,0.982023,0.048557,9.206312250000002
g5_video_123,0.467473,0.235755,0.967497,0.0,69.26491,0.114826,0.980277,0.114826,9.0181955
g5_video_124,0.540689,0.212756,0.967497,0.0,46.267897,0.112147,0.986616,0.112147,6.149968625
g5_video_125,0.592674,0.25691,0.967497,0.0,67.295204,0.08559,0.98748,0.08559,8.783868125
g5_video_126,0.507613,0.187314,0.967497,0.0,72.752112,0.042453,0.988341,0.042453,9.435972875
g5_video_127,0.475667,0.23447,0.967497,0.0,59.797953,0.08608,0.983854,0.08608,7.828950125
g6_video_000,0.586839,0.209416,0.958091,0.0,64.483242,0.098637,0.933253,0.098637,8.421014374999999
g6_video_001,0.638875,0.22005,0.958091,0.0,73.371934,0.075723,0.966532,0.075723,9.538365999999998
g6_video_002,0.678838,0.196943,0.958091,0.0,73.143864,0.094056,0.975415,0.094056,9.517657874999998
g6_video_003,0.586036,0.204459,0.958091,0.0,73.771884,0.085829,0.975013,0.085829,9.583392625000002
g6_video_004,0.675967,0.215798,0.958091,0.0,68.804209,0.016124,0.988982,0.016124,8.959411875000002
g6_video_005,0.688258,0.231793,0.958091,0.0,78.643664,0.051932,0.966303,0.051932,10.198996624999998
g6_video_006,0.54159,0.252396,0.958091,0.0,70.860396,0.077398,0.989694,0.077398,9.219620375
g6_video_007,0.580758,0.211156,0.958091,0.0,77.398833,0.06578,0.973663,0.06578,10.031757625000001
g6_video_008,0.696103,0.240029,0.958091,0.0,79.859978,0.03843,0.989373,0.03843,10.35255425
g6_video_009,0.652423,0.193538,0.958091,0.0,75.799839,0.052913,0.983153,0.052913,9.836608750000002
g6_video_010,0.618733,0.228905,0.958091,0.0,64.886062,0.033245,0.987756,0.033245,8.468254624999998
g6_video_011,0.54236,0.25569,0.958091,0.0,56.221614,0.081609,0.99112,0.081609,7.391511625000001
g6_video_012,0.767609,0.202909,0.958091,0.0,67.277686,0.049045,0.93476,0.049045,8.779893125000001
g6_video_013,0.676624,0.196809,0.958091,0.0,73.413977,0.05043,0.946357,0.05043,9.536589750000003
g6_video_014,0.637796,0.217479,0.958091,0.0,73.84595,0.045113,0.987549,0.045113,9.592136375
g6_video_015,0.577927,0.177877,0.958091,0.0,73.57138,0.061522,0.98098,0.061522,9.548662375
g6_video_016,0.729795,0.213945,0.958091,0.0,73.297811,0.004205,0.971983,0.004205,9.522504374999999
g6_video_017,0.590889,0.225169,0.958091,0.0,70.37131,0.062899,0.931256,0.062899,9.150314125
g6_video_018,0.770221,0.245486,0.958091,0.0,75.128732,0.044285,0.973923,0.044285,9.770627875
g6_video_019,0.785444,0.191737,0.958091,0.0,77.715726,0.082714,0.980937,0.082714,10.099670374999999
g6_video_020,0.562914,0.220275,0.958091,0.0,75.20624,0.021905,0.969247,0.021905,9.745072125
g6_video_021,0.599548,0.210857,0.958091,0.0,70.285938,0.023751,0.951252,0.023751,9.1316485
g6_video_022,0.550612,0.221882,0.958091,0.0,78.255436,0.043746,0.975377,0.043746,10.13111125
g6_video_023,0.602967,0.20777,0.958091,0.0,66.499053,0.024859,0.986001,0.024859,8.662950000000002
g6_video_024,0.601551,0.214325,0.958091,0.0,62.270321,0.05615,0.885154,0.05615,8.130217750000002
g6_video_025,0.536024,0.221321,0.958091,0.0,75.910987,0.060695,0.971656,0.060695,9.839933624999999
g6_video_026,0.764218,0.242012,0.958091,0.0,77.722665,0.042927,0.914865,0.042927,10.085963125000003
g6_video_027,0.608058,0.248541,0.958091,0.0,79.853871,0.052731,0.992537,0.052731,10.345819999999998
g6_video_028,0.716366,0.197428,0.958091,0.0,56.611246,0.000361,0.951771,0.000361,7.429453
g6_video_029,0.557543,0.203374,0.958091,0.0,74.166482,0.066317,0.976544,0.066317,9.6243335
g6_video_030,0.616447,0.213031,0.958091,0.0,58.609244,0.044137,0.97567,0.044137,7.682594624999999
g6_video_031,0.650618,0.220531,0.958091,0.0,70.695997,0.008233,0.978499,0.008233,9.190025250000001
g6_video_032,0.606427,0.214666,0.958091,0.0,69.613239,0.018565,0.969759,0.018565,9.049913999999998
g6_video_033,0.540342,0.22393,0.958091,0.0,52.997638,0.063095,0.910927,0.063095,6.96963975
g6_video_034,0.552581,0.208073,0.958091,0.0,57.661732,0.073306,0.945411,0.073306,7.5590625000000005
g6_video_035,0.622785,0.195741,0.958091,0.0,71.754442,0.048574,0.943963,0.048574,9.32152125
g6_video_036,0.519517,0.185575,0.958091,0.0,77.482766,0.046452,0.982291,0.046452,10.027643000000001
g6_video_037,0.70475,0.208501,0.958091,0.0,76.869323,0.011746,0.986814,0.011746,9.968871374999999
g6_video_038,0.534602,0.217971,0.958091,0.0,77.040569,0.077142,0.974132,0.077142,9.984956124999998
g6_video_039,0.679616,0.211502,0.958091,0.0,75.556932,0.045754,0.969804,0.045754,9.808431625
g6_video_040,0.746963,0.214724,0.958091,0.0,76.542924,-0.02142,0.952377,-0.02142,9.921529874999997
g6_video_041,0.546973,0.237812,0.958091,0.0,64.730301,0.036693,0.971449,0.036693,8.4397515
g6_video_042,0.586149,0.219562,0.958091,0.0,70.656477,0.018824,0.986838,0.018824,9.180595624999999
g6_video_043,0.575,0.233449,0.958091,0.0,66.243323,0.033303,0.946468,0.033303,8.627867125000002
g6_video_044,0.59293,0.209992,0.958091,0.0,73.278009,0.075837,0.978711,0.075837,9.521175875000003
g6_video_045,0.509909,0.188875,0.958091,0.0,80.204077,0.030622,0.976859,0.030622,10.362381874999999
g6_video_046,0.682427,0.225356,0.958091,0.0,72.017325,0.00775,0.971836,0.00775,9.358816875
g6_video_047,0.623513,0.217062,0.958091,0.0,69.394453,-0.004557,0.908961,-0.004557,9.011620749999999
g6_video_048,0.668041,0.199736,0.958091,0.0,75.992247,0.007187,0.98567,0.007187,9.852269875000001
g6_video_049,0.59384,0.232818,0.958091,0.0,78.172882,-0.000673,0.991038,-0.000673,10.118415375
g6_video_050,0.652897,0.220249,0.958091,0.0,76.650398,0.020007,0.933166,0.020007,9.931851875000001
g6_video_051,0.631414,0.206145,0.958091,0.0,59.741229,0.026749,0.977914,0.026749,7.821036375
g6_video_052,0.639875,0.231535,0.958091,0.0,71.647092,0.029071,0.991361,0.029071,9.315762
g6_video_053,0.651844,0.224357,0.958091,0.0,70.833606,-0.016064,0.989889,-0.016064,9.203207375000002
g6_video_054,0.744477,0.218926,0.958091,0.0,77.73861,-0.005761,0.9677,-0.005761,10.077035249999996
g6_video_055,0.609271,0.202844,0.958091,0.0,73.289698,-0.003823,0.990105,-0.003823,9.505295375000001
g6_video_056,0.603509,0.188095,0.958091,0.0,73.715083,0.078279,0.975001,0.078279,9.574542125
g6_video_057,0.694742,0.205953,0.958091,0.0,55.651347,0.029976,0.989526,0.029976,7.319951375
g6_video_058,0.665529,0.234579,0.958091,0.0,74.043197,0.031173,0.951528,0.031173,9.614408749999999
g6_video_059,0.674771,0.208817,0.958091,0.0,62.532459,0.040358,0.992008,0.040358,8.18085775
g6_video_060,0.670798,0.199952,0.958091,0.0,60.598739,0.062425,0.953507,0.062425,7.9382421249999995
g6_video_061,0.590858,0.204712,0.958091,0.0,56.789044,0.0337,0.879438,0.0337,7.436192875000001
g6_video_062,0.601087,0.209015,0.958091,0.0,70.772896,0.025774,0.988661,0.025774,9.197662249999999
g6_video_063,0.780291,0.223454,0.958091,0.0,77.427229,0.04498,0.978967,0.04498,10.057248999999999
g6_video_064,0.612284,0.199552,0.958091,0.0,66.050914,0.005919,0.985765,0.005919,8.602305500000002
g6_video_065,0.679395,0.220627,0.958091,0.0,76.641691,0.040912,0.990102,0.040912,9.94646625
g6_video_066,0.615442,0.21753,0.958091,0.0,65.276966,0.015021,0.990192,0.015021,8.511032875
g6_video_067,0.497185,0.202047,0.958091,0.0,60.260792,0.063717,0.955413,0.063717,7.875120249999999
g6_video_068,0.741914,0.220561,0.958091,0.0,79.328277,0.036172,0.992473,0.036172,10.289207499999998
g6_video_069,0.596917,0.246206,0.958091,0.0,65.725946,0.036949,0.982849,0.036949,8.572988375000001
g6_video_070,0.547856,0.217239,0.958091,0.0,68.278055,0.049404,0.961358,0.049404,8.882675874999999
g6_video_071,0.631826,0.196799,0.958091,0.0,62.298328,0.032288,0.914239,0.032288,8.132982374999997
g6_video_072,0.57107,0.200915,0.958091,0.0,68.653619,0.05099,0.881178,0.05099,8.920856625
g6_video_073,0.538765,0.21316,0.958091,0.0,77.070723,0.050821,0.984079,0.050821,9.983307499999999
g6_video_074,0.598715,0.202401,0.958091,0.0,57.330808,0.03285,0.946218,0.03285,7.512741625
g6_video_075,0.531981,0.219589,0.958091,0.0,73.683941,0.048633,0.949151,0.048633,9.555002374999999
g6_video_076,0.660689,0.210109,0.958091,0.0,73.604413,0.058318,0.961267,0.058318,9.563900625
g6_video_077,0.602843,0.244463,0.958091,0.0,77.214009,0.019873,0.989106,0.019873,10.006032250000002
g6_video_078,0.54175,0.229808,0.958091,0.0,35.422008,0.069801,0.923733,0.069801,4.776873999999999
g6_video_079,0.651355,0.236385,0.958091,0.0,73.610022,0.065619,0.938934,0.065619,9.565753125
g6_video_080,0.464214,0.22703,0.958091,0.0,56.168963,0.113607,0.934794,0.113607,7.37253825
g6_video_081,0.575914,0.230779,0.958091,0.0,71.427722,0.063117,0.914308,0.063117,9.279131000000003
g6_video_082,0.405281,0.210078,0.958091,0.0,47.625664,0.09166,0.945911,0.09166,6.291043125
g6_video_083,0.547653,0.205591,0.958091,0.0,70.575338,0.046851,0.975643,0.046851,9.169502250000003
g6_video_084,0.664136,0.207562,0.958091,0.0,64.817055,0.008824,0.983529,0.008824,8.456002625000002
g6_video_085,0.503505,0.214978,0.958091,0.0,55.636585,0.053557,0.900087,0.053557,7.290044999999999
g6_video_086,0.58305,0.257799,0.958091,0.0,76.350611,0.019004,0.984237,0.019004,9.896474499999998
g6_video_087,0.549002,0.202133,0.958091,0.0,53.36778,0.090646,0.940208,0.090646,7.02481325
g6_video_088,0.597311,0.21303,0.958091,0.0,75.741088,0.071363,0.969989,0.071363,9.827779375000002
g6_video_089,0.565771,0.215823,0.958091,0.0,68.02705,0.056157,0.926128,0.056157,8.850647125
g6_video_090,0.627652,0.197285,0.958091,0.0,74.056656,0.010193,0.991403,0.010193,9.606434125000002
g6_video_091,0.585858,0.218973,0.958091,0.0,74.404184,0.032623,0.979352,0.032623,9.651463000000001
g6_video_092,0.57428,0.213699,0.958091,0.0,74.944634,0.024921,0.99488,0.024921,9.71692825
g6_video_093,0.597133,0.188524,0.958091,0.0,70.312661,0.013651,0.984384,0.013651,9.133511875
g6_video_094,0.608798,0.188106,0.958091,0.0,64.223764,0.039728,0.978256,0.039728,8.379558874999999
g6_video_095,0.526781,0.226303,0.958091,0.0,73.976082,-0.005628,0.99347,-0.005628,9.583683875
g6_video_096,0.559321,0.203292,0.958091,0.0,71.853105,0.016846,0.949461,0.016846,9.31962025
g6_video_097,0.537597,0.207063,0.958091,0.0,76.831368,0.032482,0.9898,0.032482,9.948610375000001
g6_video_098,0.608884,0.218859,0.958091,0.0,77.872326,0.015671,0.969516,0.015671,10.082377249999999
g6_video_099,0.585823,0.204294,0.958091,0.0,68.448124,0.060903,0.963006,0.060903,8.910143000000001
g6_video_100,0.641673,0.238399,0.958091,0.0,62.753937,0.09786,0.967741,0.09786,8.219445125
g6_video_101,0.578301,0.212034,0.958091,0.0,45.260909,0.072097,0.983314,0.072097,6.017105375
g6_video_102,0.61206,0.229627,0.958091,0.0,65.574423,0.047855,0.940894,0.047855,8.551350625
g6_video_103,0.584339,0.219759,0.958091,0.0,66.791895,0.076763,0.986405,0.076763,8.711751875000001
g6_video_104,0.582232,0.224575,0.958091,0.0,67.709328,0.041892,0.979282,0.041892,8.817161500000001
g6_video_105,0.538245,0.203716,0.958091,0.0,33.533499,0.106343,0.964752,0.106343,4.551373625
g6_video_106,0.550425,0.218709,0.958091,0.0,45.889893,0.09021,0.947655,0.09021,6.093149124999999
g6_video_107,0.632657,0.187698,0.958091,0.0,71.852447,0.072353,0.97953,0.072353,9.344391125000001
g6_video_108,0.553034,0.201942,0.958091,0.0,66.990172,0.052584,0.982968,0.052584,8.723921874999998
g6_video_109,0.76586,0.235203,0.958091,0.0,78.226923,0.000809,0.970987,0.000809,10.14483525
g6_video_110,0.510376,0.205803,0.958091,0.0,70.487315,0.053393,0.980403,0.053393,9.15609675
g6_video_111,0.411903,0.203412,0.958091,0.0,44.22488,0.094051,0.893139,0.094051,5.8599408749999995
g6_video_112,0.362044,0.21888,0.958091,0.0,39.083102,0.144174,0.901299,0.144174,5.2264705
g6_video_113,0.504348,0.210923,0.958091,0.0,54.665689,0.09863,0.956024,0.09863,7.186541875
g6_video_114,0.600033,0.186144,0.958091,0.0,71.270166,0.070479,0.951334,0.070479,9.263340750000003
g6_video_115,0.555255,0.175797,0.958091,0.0,58.594215,0.066934,0.964111,0.066934,7.672667125000001
g6_video_116,0.590901,0.206769,0.958091,0.0,72.587253,0.089608,0.972742,0.089608,9.4368715
g6_video_117,0.594729,0.217941,0.958091,0.0,76.287224,0.050912,0.966635,0.050912,9.890805499999997
g6_video_118,0.537968,0.211917,0.958091,0.0,61.89291,0.117078,0.970889,0.117078,8.100741375000002
g6_video_119,0.563511,0.198161,0.958091,0.0,69.356567,0.067971,0.972141,0.067971,9.023051624999999
g6_video_120,0.636476,0.218154,0.958091,0.0,62.335172,0.015968,0.880154,0.015968,8.132497875
g6_video_121,0.638342,0.25216,0.958091,0.0,72.223539,0.071485,0.974495,0.071485,9.398699624999999
g6_video_122,0.536881,0.194428,0.958091,0.0,62.124474,0.048947,0.950181,0.048947,8.107743625
g6_video_123,0.677764,0.22275,0.958091,0.0,72.379004,0.078184,0.987395,0.078184,9.422671499999998
g6_video_124,0.606679,0.230203,0.958091,0.0,73.73267,0.067068,0.957417,0.067068,9.577399500000002
g6_video_125,0.73509,0.230671,0.958091,0.0,67.132217,0.055088,0.986954,0.055088,8.769149874999998
g6_video_126,0.416291,0.228064,0.958091,0.0,53.432526,0.06669,0.922931,0.06669,7.0114103750000005
g6_video_127,0.604691,0.244215,0.958091,0.0,74.74018,0.093859,0.990992,0.093859,9.715735874999998
g7_video_000,0.651689,0.222603,0.960332,0.0,67.47841,0.098071,0.979708,0.098071,8.811110500000002
g7_video_001,0.5677,0.204954,0.960332,0.0,75.857286,0.073971,0.987863,0.073971,9.840759625
g7_video_002,0.760329,0.202444,0.960332,0.0,73.105055,0.063504,0.991218,0.063504,9.518298249999999
g7_video_003,0.60836,0.20357,0.960332,0.0,66.056213,0.104891,0.980784,0.104891,8.627380124999998
g7_video_004,0.693426,0.213327,0.960332,0.0,71.682638,0.019684,0.991482,0.019684,9.322571625
g7_video_005,0.612843,0.223562,0.960332,0.0,76.065898,0.070907,0.974422,0.070907,9.872358875000002
g7_video_006,0.545337,0.256106,0.960332,0.0,67.420132,0.076786,0.973537,0.076786,8.788626999999998
g7_video_007,0.608771,0.21848,0.960332,0.0,73.383502,0.052617,0.986086,0.052617,9.532800624999998
g7_video_008,0.664818,0.209794,0.960332,0.0,75.758183,0.076567,0.993575,0.076567,9.842479500000001
g7_video_009,0.578888,0.193421,0.960332,0.0,74.286297,0.04262,0.974611,0.04262,9.634848625
g7_video_010,0.614737,0.214087,0.960332,0.0,68.427529,0.056312,0.986153,0.056312,8.914432750000003
g7_video_011,0.477265,0.265354,0.960332,0.0,50.208601,0.079878,0.988549,0.079878,6.632482125
g7_video_012,0.534283,0.213663,0.960332,0.0,78.06389,0.099675,0.96695,0.099675,10.1173085
g7_video_013,0.554953,0.194531,0.960332,0.0,74.9091,0.093142,0.983863,0.093142,9.723632875
g7_video_014,0.59764,0.20284,0.960332,0.0,67.915001,0.037588,0.987631,0.037588,8.8423275
g7_video_015,0.543183,0.178858,0.960332,0.0,71.706571,0.054502,0.978492,0.054502,9.309555
g7_video_016,0.665992,0.204468,0.960332,0.0,75.799383,0.020883,0.973265,0.020883,9.83065075
g7_video_017,0.58009,0.215195,0.960332,0.0,66.816295,0.082639,0.96537,0.082639,8.712819999999999
g7_video_018,0.49849,0.216084,0.960332,0.0,47.282423,0.141151,0.942065,0.141151,6.272712
g7_video_019,0.686202,0.206406,0.960332,0.0,78.691491,0.084032,0.984894,0.084032,10.212173624999998
g7_video_020,0.505462,0.226319,0.960332,0.0,74.468338,0.017751,0.982275,0.017751,9.647278500000002
g7_video_021,0.534569,0.207488,0.960332,0.0,59.397457,0.085165,0.911447,0.085165,7.772702875000001
g7_video_022,0.504653,0.229917,0.960332,0.0,73.478071,0.053835,0.980821,0.053835,9.532683000000002
g7_video_023,0.532122,0.219233,0.960332,0.0,63.892001,0.052812,0.952335,0.052812,8.332705875000002
g7_video_024,0.562781,0.234104,0.960332,0.0,76.565868,0.008497,0.977749,0.008497,9.9147285
g7_video_025,0.536692,0.216977,0.960332,0.0,77.629046,0.062034,0.99204,0.062034,10.057394375
g7_video_026,0.620095,0.225714,0.960332,0.0,74.734664,0.075849,0.970278,0.075849,9.707847625
g7_video_027,0.539767,0.236667,0.960332,0.0,79.285735,0.07816,0.991601,0.07816,10.27130275
g7_video_028,0.714169,0.196404,0.960332,0.0,71.152945,-0.007254,0.984818,-0.007254,9.24927
g7_video_029,0.627001,0.203955,0.960332,0.0,74.781787,0.05414,0.986862,0.05414,9.708527125
g7_video_030,0.605403,0.209765,0.960332,0.0,64.944852,0.02561,0.995356,0.02561,8.470866
g7_video_031,0.616022,0.214644,0.960332,0.0,75.688305,0.012944,0.987915,0.012944,9.811638250000001
g7_video_032,0.597421,0.225493,0.960332,0.0,74.174508,0.008546,0.986171,0.008546,9.620127125
g7_video_033,0.557505,0.219529,0.960332,0.0,61.942687,0.08208,0.954968,0.08208,8.099897625
g7_video_034,0.499647,0.219411,0.960332,0.0,60.528979,0.0881,0.948016,0.0881,7.916573124999999
g7_video_035,0.639443,0.205252,0.960332,0.0,71.684731,0.026921,0.969409,0.026921,9.314126125
g7_video_036,0.50178,0.223799,0.960332,0.0,76.721602,0.025367,0.982889,0.025367,9.930142000000002
g7_video_037,0.698926,0.201654,0.960332,0.0,73.343555,-0.000658,0.994173,-0.000658,9.5246655
g7_video_038,0.567658,0.218587,0.960332,0.0,80.203587,0.091792,0.987814,0.091792,10.39019525
g7_video_039,0.724889,0.196883,0.960332,0.0,75.833489,0.049143,0.984135,0.049143,9.84975175
g7_video_040,0.680341,0.208699,0.960332,0.0,75.100743,0.001916,0.97561,0.001916,9.741194624999999
g7_video_041,0.546026,0.228146,0.960332,0.0,74.111474,0.042834,0.979847,0.042834,9.613936625000001
g7_video_042,0.517436,0.217516,0.960332,0.0,74.139765,0.034739,0.96888,0.034739,9.609175875
g7_video_043,0.539954,0.23266,0.960332,0.0,69.650245,0.02371,0.966814,0.02371,9.049678124999998
g7_video_044,0.595748,0.210596,0.960332,0.0,74.152794,0.082335,0.985658,0.082335,9.63372475
g7_video_045,0.569062,0.195505,0.960332,0.0,77.130858,0.053617,0.984999,0.053617,9.99349875
g7_video_046,0.640723,0.195439,0.960332,0.0,67.090587,0.031165,0.992429,0.031165,8.74273
g7_video_047,0.597987,0.20489,0.960332,0.0,56.347289,-0.002236,0.982342,-0.002236,7.386046
g7_video_048,0.592801,0.214761,0.960332,0.0,72.164331,0.045979,0.987502,0.045979,9.376460625000002
g7_video_049,0.530686,0.20039,0.960332,0.0,72.149405,-0.020578,0.990587,-0.020578,9.3487805
g7_video_050,0.618202,0.212572,0.960332,0.0,71.783389,0.016558,0.986425,0.016558,9.3242545
g7_video_051,0.607094,0.227001,0.960332,0.0,72.336371,0.003589,0.982928,0.003589,9.390113000000001
g7_video_052,0.601044,0.230278,0.960332,0.0,62.428659,0.045216,0.987834,0.045216,8.162322375
g7_video_053,0.657014,0.21702,0.960332,0.0,74.458178,-0.004182,0.992891,-0.004182,9.659633875
g7_video_054,0.665608,0.211673,0.960332,0.0,72.485811,0.005406,0.991503,0.005406,9.415717374999998
g7_video_055,0.532172,0.224736,0.960332,0.0,74.356017,0.002659,0.991939,0.002659,9.633814249999999
g7_video_056,0.638896,0.184462,0.960332,0.0,72.603509,0.043655,0.990434,0.043655,9.433117875
g7_video_057,0.622502,0.229343,0.960332,0.0,72.18984,0.038884,0.985312,0.038884,9.383137125
g7_video_058,0.562245,0.223909,0.960332,0.0,72.965981,0.038094,0.981029,0.038094,9.471210500000002
g7_video_059,0.61532,0.194243,0.960332,0.0,67.864363,0.041326,0.994762,0.041326,8.838959
g7_video_060,0.643411,0.20294,0.960332,0.0,70.261615,0.058169,0.989716,0.058169,9.146794000000003
g7_video_061,0.639699,0.207183,0.960332,0.0,77.763992,0.030385,0.966775,0.030385,10.074843875
g7_video_062,0.59832,0.208653,0.960332,0.0,62.2094,0.015216,0.987976,0.015216,8.124389125
g7_video_063,0.556815,0.222351,0.960332,0.0,77.497423,0.073076,0.985431,0.073076,10.046063
g7_video_064,0.59942,0.214706,0.960332,0.0,65.497646,0.014511,0.991124,0.014511,8.53653125
g7_video_065,0.713631,0.222902,0.960332,0.0,68.633915,0.035533,0.987181,0.035533,8.948628375000002
g7_video_066,0.416069,0.21756,0.960332,0.0,74.111766,0.042933,0.990411,0.042933,9.5977505
g7_video_067,0.497649,0.213605,0.960332,0.0,72.566677,0.048292,0.954223,0.048292,9.411133750000001
g7_video_068,0.654092,0.216753,0.960332,0.0,75.516808,0.03935,0.981266,0.03935,9.800993875
g7_video_069,0.553331,0.263387,0.960332,0.0,73.397556,0.051705,0.98685,0.051705,9.53310825
g7_video_070,0.502157,0.212295,0.960332,0.0,70.053663,0.042844,0.952866,0.042844,9.095875125000001
g7_video_071,0.55487,0.217317,0.960332,0.0,70.42209,0.049134,0.933745,0.049134,9.148327749999998
g7_video_072,0.527165,0.222783,0.960332,0.0,65.371182,0.02128,0.968669,0.02128,8.511586375000002
g7_video_073,0.552539,0.205394,0.960332,0.0,77.354056,0.054855,0.980831,0.054855,10.02035775
g7_video_074,0.665053,0.19393,0.960332,0.0,64.701875,0.029601,0.975253,0.029601,8.444455625
g7_video_075,0.561411,0.225006,0.960332,0.0,70.467296,0.039158,0.95362,0.039158,9.155747625
g7_video_076,0.481831,0.210296,0.960332,0.0,72.457513,0.025358,0.979291,0.025358,9.392497375
g7_video_077,0.497382,0.215236,0.960332,0.0,72.819977,0.060258,0.994637,0.060258,9.45101
g7_video_078,0.576001,0.199036,0.960332,0.0,52.559113,0.078092,0.951747,0.078092,6.9253016249999995
g7_video_079,0.525596,0.209382,0.960332,0.0,78.892312,0.036733,0.954575,0.036733,10.201957875000002
g7_video_080,0.480312,0.208763,0.960332,0.0,58.558255,0.08397,0.949393,0.08397,7.665624375
g7_video_081,0.467256,0.221632,0.960332,0.0,60.600474,0.108141,0.964625,0.108141,7.928825125
g7_video_082,0.361639,0.218924,0.960332,0.0,34.304913,0.100859,0.988243,0.100859,4.629471124999999
g7_video_083,0.520446,0.205161,0.960332,0.0,72.20833,0.061143,0.985531,0.061143,9.37526075
g7_video_084,0.622582,0.208045,0.960332,0.0,70.83081,-0.021969,0.983107,-0.021969,9.195117250000001
g7_video_085,0.514338,0.22569,0.960332,0.0,73.413023,0.048702,0.952746,0.048702,9.520441625000002
g7_video_086,0.532597,0.23807,0.960332,0.0,76.672081,0.033237,0.986748,0.033237,9.932037750000001
g7_video_087,0.46144,0.207767,0.960332,0.0,67.985242,0.07253,0.958201,0.07253,8.83975525
g7_video_088,0.542062,0.224852,0.960332,0.0,65.309836,0.05821,0.987473,0.05821,8.517621875
g7_video_089,0.638778,0.212542,0.960332,0.0,79.412119,0.036043,0.98164,0.036043,10.284687125000001
g7_video_090,0.605309,0.209159,0.960332,0.0,68.033552,0.039146,0.986476,0.039146,8.85914
g7_video_091,0.521038,0.238356,0.960332,0.0,71.686589,0.044919,0.988452,0.044919,9.310575624999997
g7_video_092,0.57436,0.214375,0.960332,0.0,74.247671,0.022762,0.994994,0.022762,9.629657
g7_video_093,0.579794,0.190451,0.960332,0.0,69.122969,0.034767,0.990159,0.034767,8.989154875
g7_video_094,0.509297,0.181825,0.960332,0.0,75.713992,0.023377,0.993681,0.023377,9.800735125
g7_video_095,0.518668,0.236998,0.960332,0.0,73.51659,0.007596,0.989732,0.007596,9.529689000000001
g7_video_096,0.608606,0.194692,0.960332,0.0,76.0438,0.038558,0.98709,0.038558,9.8589545
g7_video_097,0.556913,0.22498,0.960332,0.0,73.380709,0.01753,0.987592,0.01753,9.51819825
g7_video_098,0.458574,0.228749,0.960332,0.0,77.378508,0.044593,0.989994,0.044593,10.013167875
g7_video_099,0.552882,0.203613,0.960332,0.0,76.0507,0.047984,0.986662,0.047984,9.856269625
g7_video_100,0.592411,0.217006,0.960332,0.0,75.827977,0.057755,0.98739,0.057755,9.837578250000002
g7_video_101,0.665238,0.2092,0.960332,0.0,61.255549,0.068989,0.989303,0.068989,8.0272
g7_video_102,0.504728,0.21046,0.960332,0.0,55.465261,0.100395,0.965376,0.100395,7.288368374999999
g7_video_103,0.588111,0.224604,0.960332,0.0,77.676499,0.021436,0.990717,0.021436,10.060391875
g7_video_104,0.586413,0.227096,0.960332,0.0,74.786231,0.042249,0.956382,0.042249,9.700119
g7_video_105,0.420478,0.213952,0.960332,0.0,37.952694,0.126672,0.772124,0.126672,5.0716155
g7_video_106,0.524935,0.223579,0.960332,0.0,50.039309,0.080411,0.97299,0.080411,6.610245875
g7_video_107,0.672395,0.189392,0.960332,0.0,71.810441,0.089272,0.985432,0.089272,9.349566999999999
g7_video_108,0.434712,0.201699,0.960332,0.0,54.109735,0.088432,0.830331,0.088432,7.089209125
g7_video_109,0.780778,0.246433,0.960332,0.0,78.168391,0.042378,0.992988,0.042378,10.15420975
g7_video_110,0.516572,0.226723,0.960332,0.0,69.253423,0.076169,0.987859,0.076169,9.012155874999998
g7_video_111,0.482793,0.197743,0.960332,0.0,53.960229,0.079367,0.972438,0.079367,7.0915336249999985
g7_video_112,0.496499,0.211654,0.960332,0.0,59.885298,0.076045,0.940493,0.076045,7.830795749999999
g7_video_113,0.506504,0.204956,0.960332,0.0,55.083732,0.105809,0.972009,0.105809,7.242393874999999
g7_video_114,0.574145,0.191737,0.960332,0.0,75.677768,0.062107,0.984397,0.062107,9.814074125
g7_video_115,0.593518,0.181437,0.960332,0.0,60.660683,0.079936,0.979898,0.079936,7.941967499999999
g7_video_116,0.617765,0.221107,0.960332,0.0,71.402117,0.071328,0.979149,0.071328,9.29039075
g7_video_117,0.503218,0.222257,0.960332,0.0,74.015422,0.080488,0.9616,0.080488,9.602975625000001
g7_video_118,0.490002,0.211296,0.960332,0.0,76.922135,0.073533,0.99435,0.073533,9.965647624999999
g7_video_119,0.63747,0.221456,0.960332,0.0,63.126369,0.094047,0.985125,0.094047,8.26485575
g7_video_120,0.567251,0.212813,0.960332,0.0,60.107569,0.047309,0.958708,0.047309,7.862661374999999
g7_video_121,0.548533,0.238094,0.960332,0.0,58.030375,0.08433,0.960099,0.08433,7.613261625
g7_video_122,0.519914,0.205798,0.960332,0.0,71.932148,0.032398,0.966073,0.032398,9.331132624999999
g7_video_123,0.537318,0.215126,0.960332,0.0,72.945795,0.097402,0.977536,0.097402,9.478863875000002
g7_video_124,0.647311,0.227824,0.960332,0.0,67.775423,0.085102,0.975657,0.085102,8.844593875000001
g7_video_125,0.629495,0.239948,0.960332,0.0,73.651881,0.08483,0.988706,0.08483,9.580002749999998
g7_video_126,0.472862,0.195373,0.960332,0.0,68.467449,0.054679,0.964667,0.054679,8.896255125
g7_video_127,0.538282,0.223261,0.960332,0.0,71.838565,0.091706,0.988239,0.091706,9.341511375
